Open_Time,Open,Close,High,Low,Volume,ema_8_15m
2023-05-11 17:45:00,1822.56,1820.36,1823.48,1820.35,1653.76,1820.36
2023-05-11 18:00:00,1820.36,1820.33,1820.6,1819.21,2332.81,1820.353333333333
2023-05-11 18:15:00,1820.33,1821.53,1821.87,1819.8,2051.91,1820.6148148148147
2023-05-11 18:30:00,1821.54,1823.91,1824.36,1819.88,1897.8,1821.3470781893004
2023-05-11 18:45:00,1823.92,1822.71,1825.81,1822.71,1912.71,1821.6499497027892
2023-05-11 19:00:00,1822.71,1822.8,1824.5,1821.5,1844.57,1821.9055164355027
2023-05-11 19:15:00,1822.79,1822.57,1824.5,1821.2,1844.58,1822.0531794498354
2023-05-11 19:30:00,1822.58,1821.91,1824.08,1821.46,3160.69,1822.0213617943166
2023-05-11 19:45:00,1821.91,1820.84,1821.91,1818.87,2556.9,1821.7588369511352
2023-05-11 20:00:00,1820.83,1828.17,1832.65,1820.2,7745.19,1823.1835398508829
2023-05-11 20:15:00,1828.17,1831.6,1832.96,1826.8,4339.79,1825.0538643284644
2023-05-11 20:30:00,1831.6,1819.83,1839.0,1815.52,18170.92,1823.8930055888059
2023-05-11 20:45:00,1819.83,1819.26,1824.46,1816.68,6663.43,1822.8634487912934
2023-05-11 21:00:00,1819.26,1814.16,1822.56,1810.0,8695.1,1820.9293490598948
2023-05-11 21:15:00,1814.16,1814.07,1817.39,1813.0,6812.58,1819.405049268807
2023-05-11 21:30:00,1814.07,1821.54,1823.59,1810.48,8707.6,1819.8794827646277
2023-05-11 21:45:00,1821.54,1807.45,1822.78,1801.0,19581.07,1817.1173754835993
2023-05-11 22:00:00,1807.46,1808.18,1810.3,1792.24,19586.44,1815.1312920427995
2023-05-11 22:15:00,1808.19,1806.29,1810.07,1805.3,6049.7,1813.166560477733
2023-05-11 22:30:00,1806.29,1799.48,1807.98,1798.2,7013.73,1810.1251025937922
2023-05-11 22:45:00,1799.47,1798.59,1801.6,1785.5,16799.6,1807.5617464618385
2023-05-11 23:00:00,1798.58,1795.82,1804.62,1795.15,8136.89,1804.9524694703189
2023-05-11 23:15:00,1795.82,1803.4,1804.86,1794.96,6936.87,1804.6074762546923
2023-05-11 23:30:00,1803.4,1807.35,1808.73,1803.39,5513.1,1805.2169259758716
2023-05-11 23:45:00,1807.36,1807.7,1809.08,1803.78,4678.92,1805.7687202034558
2023-05-12 00:00:00,1807.7,1805.63,1810.0,1805.09,6575.23,1805.7378934915769
2023-05-12 00:15:00,1805.64,1804.94,1810.48,1802.53,4706.46,1805.560583826782
2023-05-12 00:30:00,1804.94,1806.06,1808.19,1803.46,3532.24,1805.6715651986083
2023-05-12 00:45:00,1806.06,1804.74,1808.4,1802.8,3609.67,1805.4645507100286
2023-05-12 01:00:00,1804.74,1798.8,1804.75,1797.51,6361.62,1803.9835394411334
2023-05-12 01:15:00,1798.79,1781.4,1801.32,1772.68,34275.74,1798.9649751208817
2023-05-12 01:30:00,1781.41,1776.2,1786.2,1776.0,12033.74,1793.9060917606857
2023-05-12 01:45:00,1776.21,1782.92,1783.44,1775.69,8578.67,1791.4647380360889
2023-05-12 02:00:00,1782.92,1784.82,1784.98,1779.91,5335.15,1789.9881295836246
2023-05-12 02:15:00,1784.82,1784.35,1785.55,1776.72,7418.44,1788.7352118983747
2023-05-12 02:30:00,1784.35,1785.84,1788.69,1782.48,7068.82,1788.0918314765136
2023-05-12 02:45:00,1785.84,1789.4,1790.32,1785.15,5173.4,1788.3825355928439
2023-05-12 03:00:00,1789.41,1797.17,1797.53,1787.12,4543.06,1790.3353054611007
2023-05-12 03:15:00,1797.18,1788.6,1797.18,1788.31,5892.26,1789.9496820253005
2023-05-12 03:30:00,1788.6,1779.43,1788.61,1778.6,4893.61,1787.6119749085672
2023-05-12 03:45:00,1779.42,1784.46,1788.15,1776.36,7254.0,1786.9115360399967
2023-05-12 04:00:00,1784.47,1789.89,1790.31,1782.39,4110.75,1787.5734169199975
2023-05-12 04:15:00,1789.88,1790.4,1790.41,1787.0,2696.09,1788.2015464933315
2023-05-12 04:30:00,1790.41,1794.47,1795.71,1790.4,4553.88,1789.5945361614802
2023-05-12 04:45:00,1794.46,1795.26,1799.76,1794.02,4890.56,1790.8535281255959
2023-05-12 05:00:00,1795.27,1795.3,1800.3,1793.62,4367.58,1791.8416329865745
2023-05-12 05:15:00,1795.3,1795.69,1796.49,1793.22,2471.5,1792.6968256562245
2023-05-12 05:30:00,1795.69,1793.95,1795.89,1793.51,1962.34,1792.9753088437303
2023-05-12 05:45:00,1793.94,1793.06,1796.35,1791.82,1289.7,1792.994129100679
2023-05-12 06:00:00,1793.05,1795.93,1797.68,1793.05,2396.54,1793.6465448560837
2023-05-12 06:15:00,1795.94,1796.89,1800.12,1795.86,2236.33,1794.3673126658427
2023-05-12 06:30:00,1796.88,1791.27,1798.32,1788.34,3566.96,1793.679020962322
2023-05-12 06:45:00,1791.26,1789.68,1792.29,1789.4,2097.38,1792.7903496373617
2023-05-12 07:00:00,1789.67,1787.67,1791.19,1784.43,2753.02,1791.6524941623925
2023-05-12 07:15:00,1787.67,1791.05,1791.81,1787.67,1866.35,1791.5186065707499
2023-05-12 07:30:00,1791.05,1799.01,1799.16,1790.74,2908.15,1793.1833606661387
2023-05-12 07:45:00,1799.02,1794.3,1801.2,1794.3,3315.37,1793.4315027403302
2023-05-12 08:00:00,1794.31,1793.58,1795.95,1792.1,2668.39,1793.464502131368
2023-05-12 08:15:00,1793.58,1794.19,1796.44,1792.7,1741.95,1793.6257238799528
2023-05-12 08:30:00,1794.18,1798.6,1799.44,1791.86,1900.04,1794.7311185732967
2023-05-12 08:45:00,1798.6,1798.82,1800.0,1796.71,1872.87,1795.639758890342
2023-05-12 09:00:00,1798.81,1799.0,1800.0,1797.36,2351.78,1796.3864791369326
2023-05-12 09:15:00,1799.0,1789.88,1801.99,1789.68,4613.44,1794.940594884281
2023-05-12 09:30:00,1789.87,1790.42,1791.67,1788.08,2599.4,1793.9360182433295
2023-05-12 09:45:00,1790.42,1788.78,1790.94,1786.25,2901.1,1792.7902364114784
2023-05-12 10:00:00,1788.78,1788.4,1789.52,1786.71,2288.43,1791.8146283200388
2023-05-12 10:15:00,1788.41,1786.48,1788.53,1784.78,2069.62,1790.6291553600302
2023-05-12 10:30:00,1786.48,1781.85,1786.49,1777.69,6163.61,1788.6782319466902
2023-05-12 10:45:00,1781.84,1770.15,1783.25,1760.0,22287.45,1784.560847069648
2023-05-12 11:00:00,1770.15,1765.99,1773.93,1763.23,9046.36,1780.4339921652818
2023-05-12 11:15:00,1765.99,1771.42,1771.83,1765.16,6815.6,1778.4308827952193
2023-05-12 11:30:00,1771.43,1769.43,1771.43,1766.4,4786.65,1776.430686618504
2023-05-12 11:45:00,1769.43,1763.25,1769.44,1758.21,6697.36,1773.5016451477254
2023-05-12 12:00:00,1763.25,1762.52,1763.59,1755.0,12262.24,1771.061279559342
2023-05-12 12:15:00,1762.51,1765.01,1766.3,1761.01,3811.96,1769.7165507683771
2023-05-12 12:30:00,1765.01,1765.4,1766.12,1762.68,2763.63,1768.7573172642933
2023-05-12 12:45:00,1765.4,1769.09,1770.03,1764.39,4241.81,1768.831246761117
2023-05-12 13:00:00,1769.08,1765.19,1769.4,1764.78,3784.02,1768.0220808142021
2023-05-12 13:15:00,1765.19,1766.33,1766.34,1763.82,2053.08,1767.6460628554905
2023-05-12 13:30:00,1766.33,1762.86,1766.68,1762.09,1759.26,1766.5824933320482
2023-05-12 13:45:00,1762.87,1748.47,1762.87,1740.0,25635.1,1762.557494813815
2023-05-12 14:00:00,1748.47,1744.55,1751.95,1741.83,7800.7,1758.5558292996338
2023-05-12 14:15:00,1744.55,1744.85,1749.14,1743.17,8294.42,1755.5100894552706
2023-05-12 14:30:00,1744.85,1753.12,1753.53,1744.4,13552.33,1754.9789584652103
2023-05-12 14:45:00,1753.12,1755.43,1757.88,1753.0,17067.64,1755.079189917386
2023-05-12 15:00:00,1755.43,1756.39,1763.01,1755.0,17742.6,1755.3704810468557
2023-05-12 15:15:00,1756.4,1760.04,1761.88,1755.66,7763.38,1756.408151925332
2023-05-12 15:30:00,1760.04,1760.02,1761.32,1757.46,10374.35,1757.210784830814
2023-05-12 15:45:00,1760.03,1759.47,1762.45,1758.67,7436.01,1757.7128326461886
2023-05-12 16:00:00,1759.48,1761.01,1761.62,1759.16,3706.28,1758.445536502591
2023-05-12 16:15:00,1761.02,1756.46,1762.0,1756.46,5092.77,1758.004306168682
2023-05-12 16:30:00,1756.46,1762.78,1763.64,1755.29,4577.02,1759.0655714645304
2023-05-12 16:45:00,1762.79,1760.71,1762.79,1760.71,1701.42,1759.4310000279681
2023-05-12 17:00:00,1760.71,1765.88,1767.53,1760.71,7403.22,1760.864111132864
2023-05-12 17:15:00,1765.89,1763.21,1767.4,1762.1,3945.51,1761.3854197700055
2023-05-12 17:30:00,1763.21,1765.36,1765.68,1760.95,4319.01,1762.2686598211153
2023-05-12 17:45:00,1765.37,1766.42,1769.1,1763.8,4637.45,1763.1911798608676
2023-05-12 18:00:00,1766.42,1769.09,1769.18,1765.0,2782.71,1764.5020287806747
2023-05-12 18:15:00,1769.09,1766.87,1771.87,1764.77,4049.7,1765.0282446071915
2023-05-12 18:30:00,1766.86,1767.01,1767.74,1765.36,2380.16,1765.4686346944823
2023-05-12 18:45:00,1767.0,1765.26,1769.72,1764.68,4152.42,1765.4222714290418
2023-05-12 19:00:00,1765.26,1766.76,1767.16,1764.62,1827.53,1765.7195444448103
2023-05-12 19:15:00,1766.77,1764.66,1768.92,1763.31,3607.86,1765.4840901237412
2023-05-12 19:30:00,1764.67,1764.56,1765.44,1762.91,2083.73,1765.2787367629098
2023-05-12 19:45:00,1764.56,1764.86,1767.19,1763.47,2336.49,1765.1856841489298
2023-05-12 20:00:00,1764.86,1767.8,1767.8,1763.96,1663.47,1765.7666432269455
2023-05-12 20:15:00,1767.79,1767.69,1769.64,1763.84,3486.9,1766.1940558431797
2023-05-12 20:30:00,1767.68,1773.63,1776.47,1767.68,6532.39,1767.8464878780287
2023-05-12 20:45:00,1773.62,1772.54,1777.34,1770.48,3849.83,1768.8894905718
2023-05-12 21:00:00,1772.53,1770.31,1774.72,1769.3,2744.94,1769.2051593336223
2023-05-12 21:15:00,1770.31,1772.43,1774.4,1768.6,3097.38,1769.9217905928172
2023-05-12 21:30:00,1772.42,1774.97,1777.59,1770.28,4687.86,1771.0436149055245
2023-05-12 21:45:00,1774.97,1773.51,1777.45,1771.64,5208.96,1771.5917004820744
2023-05-12 22:00:00,1773.51,1779.71,1782.2,1769.3,8950.16,1773.3957670416135
2023-05-12 22:15:00,1779.85,1775.16,1783.23,1773.61,6491.01,1773.7878188101438
2023-05-12 22:30:00,1775.15,1771.78,1775.47,1770.5,5159.78,1773.341636852334
2023-05-12 22:45:00,1771.77,1766.44,1771.79,1764.24,5893.73,1771.8079397740375
2023-05-12 23:00:00,1766.43,1766.48,1771.11,1765.78,4477.26,1770.6239531575848
2023-05-12 23:15:00,1766.48,1762.19,1769.38,1761.08,4047.71,1768.7497413447882
2023-05-12 23:30:00,1762.2,1765.81,1768.21,1762.19,4333.74,1768.0964654903908
2023-05-12 23:45:00,1765.8,1765.55,1767.76,1762.6,4606.03,1767.530584270304
2023-05-13 00:00:00,1765.54,1768.53,1768.53,1763.22,4171.02,1767.752676654681
2023-05-13 00:15:00,1768.52,1773.56,1777.01,1768.14,7668.55,1769.0431929536408
2023-05-13 00:30:00,1773.57,1771.2,1775.11,1769.2,3626.44,1769.5224834083872
2023-05-13 00:45:00,1771.2,1769.59,1772.74,1767.48,2317.12,1769.5374870954122
2023-05-13 01:00:00,1769.59,1773.38,1773.73,1769.56,3558.6,1770.3913788519874
2023-05-13 01:15:00,1773.39,1774.17,1776.48,1772.16,4431.97,1771.2310724404347
2023-05-13 01:30:00,1774.18,1773.9,1777.6,1770.76,3229.45,1771.8241674536714
2023-05-13 01:45:00,1773.9,1771.1,1774.95,1771.0,3124.01,1771.6632413528555
2023-05-13 02:00:00,1771.09,1773.95,1774.8,1770.8,2774.73,1772.1714099411097
2023-05-13 02:15:00,1773.96,1770.01,1774.48,1770.0,3160.41,1771.691096620863
2023-05-13 02:30:00,1770.0,1772.23,1773.37,1769.86,3162.53,1771.8108529273377
2023-05-13 02:45:00,1772.22,1770.19,1772.39,1770.0,2269.86,1771.4506633879294
2023-05-13 03:00:00,1770.19,1767.92,1771.79,1763.92,5150.48,1770.666071523945
2023-05-13 03:15:00,1767.92,1755.77,1770.16,1742.69,17106.86,1767.3558334075128
2023-05-13 03:30:00,1755.76,1770.22,1772.17,1752.62,14786.56,1767.99231487251
2023-05-13 03:45:00,1770.22,1790.01,1794.96,1767.32,23953.63,1772.88513378973
2023-05-13 04:00:00,1790.0,1784.2,1793.24,1782.16,15085.29,1775.3995485031232
2023-05-13 04:15:00,1784.2,1784.99,1788.87,1782.84,6979.58,1777.5307599468736
2023-05-13 04:30:00,1784.99,1782.52,1786.8,1781.31,3000.26,1778.6394799586794
2023-05-13 04:45:00,1782.52,1787.91,1789.75,1782.2,4335.14,1780.6995955234172
2023-05-13 05:00:00,1787.9,1802.99,1818.63,1787.9,20467.34,1785.6530187404355
2023-05-13 05:15:00,1802.98,1809.76,1809.79,1799.55,13213.8,1791.0101256870055
2023-05-13 05:30:00,1809.77,1807.13,1809.77,1802.42,5072.9,1794.5923199787821
2023-05-13 05:45:00,1807.13,1805.2,1808.54,1803.71,2680.69,1796.9495822057195
2023-05-13 06:00:00,1805.21,1811.26,1816.89,1805.2,7067.0,1800.129675048893
2023-05-13 06:15:00,1811.26,1805.76,1812.37,1805.67,4333.45,1801.3808583713612
2023-05-13 06:30:00,1805.77,1805.32,1807.58,1804.01,2328.01,1802.2562231777254
2023-05-13 06:45:00,1805.32,1802.45,1805.95,1799.45,3934.43,1802.2992846937864
2023-05-13 07:00:00,1802.45,1804.04,1806.33,1800.8,2879.61,1802.6861103173894
2023-05-13 07:15:00,1804.04,1806.33,1806.99,1803.95,1795.56,1803.4958635801918
2023-05-13 07:30:00,1806.32,1808.57,1810.71,1804.25,3578.46,1804.6234494512603
2023-05-13 07:45:00,1808.57,1807.45,1809.6,1806.04,3315.15,1805.2515717954248
2023-05-13 08:00:00,1807.45,1804.35,1807.5,1804.24,3140.75,1805.0512225075527
2023-05-13 08:15:00,1804.35,1802.81,1804.87,1802.12,1720.69,1804.5531730614298
2023-05-13 08:30:00,1802.81,1803.19,1804.79,1801.16,2894.15,1804.2502457144453
2023-05-13 08:45:00,1803.19,1808.6,1809.59,1802.85,5020.7,1805.2168577779019
2023-05-13 09:00:00,1808.59,1808.87,1811.13,1805.0,4369.54,1806.0286671605902
2023-05-13 09:15:00,1808.87,1812.19,1817.03,1808.87,5618.0,1807.3978522360146
2023-05-13 09:30:00,1812.2,1810.78,1813.92,1809.2,3713.28,1808.1494406280115
2023-05-13 09:45:00,1810.79,1809.18,1811.58,1808.61,2456.86,1808.3784538217867
2023-05-13 10:00:00,1809.18,1806.05,1810.51,1805.74,1586.1,1807.8610196391674
2023-05-13 10:15:00,1806.05,1806.6,1808.68,1806.05,987.17,1807.5807930526857
2023-05-13 10:30:00,1806.61,1807.8,1807.99,1806.03,1055.62,1807.6295057076445
2023-05-13 10:45:00,1807.79,1805.45,1809.11,1805.09,1585.87,1807.1451711059458
2023-05-13 11:00:00,1805.45,1806.35,1806.79,1805.19,1484.68,1806.9684664157355
2023-05-13 11:15:00,1806.34,1807.52,1807.94,1805.61,2076.2,1807.091029434461
2023-05-13 11:30:00,1807.51,1808.0,1808.1,1805.54,1619.43,1807.2930228934697
2023-05-13 11:45:00,1807.99,1805.61,1808.33,1805.2,1916.27,1806.9190178060321
2023-05-13 12:00:00,1805.62,1805.99,1806.84,1805.28,1150.7,1806.7125694046917
2023-05-13 12:15:00,1806.0,1805.49,1806.53,1805.04,1044.27,1806.4408873147604
2023-05-13 12:30:00,1805.49,1803.99,1805.63,1803.81,1391.09,1805.8962456892582
2023-05-13 12:45:00,1803.99,1801.74,1804.6,1798.56,2898.91,1804.97263553609
2023-05-13 13:00:00,1801.74,1803.32,1803.33,1800.95,1753.23,1804.6053831947365
2023-05-13 13:15:00,1803.32,1803.37,1806.1,1802.8,2116.2,1804.330853595906
2023-05-13 13:30:00,1803.36,1799.47,1803.6,1799.0,2524.23,1803.250663907927
2023-05-13 13:45:00,1799.48,1797.94,1800.2,1796.8,5697.35,1802.0705163728321
2023-05-13 14:00:00,1797.94,1798.53,1799.13,1796.84,1285.7,1801.283734956647
2023-05-13 14:15:00,1798.53,1799.07,1799.07,1797.38,959.4,1800.79179385517
2023-05-13 14:30:00,1799.07,1797.52,1799.65,1797.08,1222.2,1800.064728554021
2023-05-13 14:45:00,1797.51,1797.31,1797.97,1797.1,911.85,1799.4525666531274
2023-05-13 15:00:00,1797.32,1799.12,1801.07,1796.8,1735.1,1799.3786629524325
2023-05-13 15:15:00,1799.12,1799.7,1801.26,1799.11,2074.86,1799.4500711852254
2023-05-13 15:30:00,1799.69,1803.36,1804.71,1799.69,2245.35,1800.3189442551754
2023-05-13 15:45:00,1803.37,1802.98,1806.1,1802.97,1354.89,1800.9102899762477
2023-05-13 16:00:00,1802.98,1805.4,1805.8,1801.86,2164.42,1801.9080033148593
2023-05-13 16:15:00,1805.39,1802.4,1805.4,1801.34,1370.44,1802.0173359115572
2023-05-13 16:30:00,1802.39,1801.97,1802.75,1801.28,1024.2,1802.0068168201
2023-05-13 16:45:00,1801.96,1804.2,1805.3,1801.24,1514.33,1802.4941908600779
2023-05-13 17:00:00,1804.2,1803.19,1805.6,1803.0,1476.63,1802.648815113394
2023-05-13 17:15:00,1803.2,1804.45,1806.03,1803.02,1566.08,1803.0490784215285
2023-05-13 17:30:00,1804.44,1805.3,1809.36,1804.44,2122.71,1803.5492832167442
2023-05-13 17:45:00,1805.31,1807.42,1808.76,1804.98,2791.21,1804.4094425019123
2023-05-13 18:00:00,1807.43,1806.46,1811.46,1803.4,3247.2,1804.8651219459318
2023-05-13 18:15:00,1806.45,1804.75,1806.46,1804.15,1931.79,1804.8395392912803
2023-05-13 18:30:00,1804.75,1804.68,1805.53,1804.49,1443.22,1804.8040861154402
2023-05-13 18:45:00,1804.68,1805.95,1807.35,1803.33,1691.29,1805.0587336453423
2023-05-13 19:00:00,1805.95,1805.58,1806.64,1804.42,1328.7,1805.1745706130441
2023-05-13 19:15:00,1805.58,1803.86,1806.93,1802.89,2264.17,1804.8824438101453
2023-05-13 19:30:00,1803.85,1803.54,1804.37,1803.26,1405.35,1804.5841229634464
2023-05-13 19:45:00,1803.54,1803.78,1803.89,1802.33,1822.28,1804.4054289715693
2023-05-13 20:00:00,1803.79,1801.41,1804.48,1800.12,2251.64,1803.7397780889983
2023-05-13 20:15:00,1801.41,1803.78,1805.48,1801.4,1476.29,1803.748716291443
2023-05-13 20:30:00,1803.78,1804.64,1809.91,1802.72,2659.76,1803.9467793377892
2023-05-13 20:45:00,1804.65,1804.11,1807.82,1797.54,3832.58,1803.983050596058
2023-05-13 21:00:00,1804.12,1805.91,1807.0,1802.39,2223.79,1804.4112615747117
2023-05-13 21:15:00,1805.91,1800.67,1806.57,1800.66,2597.7,1803.5798701136648
2023-05-13 21:30:00,1800.66,1799.0,1802.06,1797.57,2821.77,1802.5621211995172
2023-05-13 21:45:00,1799.01,1801.23,1801.23,1797.07,2451.16,1802.266094266291
2023-05-13 22:00:00,1801.22,1800.25,1802.8,1798.91,1592.41,1801.8180733182262
2023-05-13 22:15:00,1800.26,1792.89,1800.26,1785.23,6658.85,1799.8340570252872
2023-05-13 22:30:00,1792.88,1794.8,1797.22,1790.5,5079.73,1798.7153776863345
2023-05-13 22:45:00,1794.79,1793.51,1797.2,1791.11,2683.26,1797.5586270893714
2023-05-13 23:00:00,1793.51,1795.14,1796.79,1789.33,4791.15,1797.0211544028446
2023-05-13 23:15:00,1795.14,1796.12,1797.39,1793.95,2726.79,1796.820897868879
2023-05-13 23:30:00,1796.13,1796.25,1798.5,1795.61,1709.21,1796.6940316757946
2023-05-13 23:45:00,1796.25,1795.9,1796.69,1794.89,1157.5,1796.5175801922849
2023-05-14 00:00:00,1795.91,1794.35,1795.91,1793.28,1457.55,1796.0358957051103
2023-05-14 00:15:00,1794.35,1793.75,1795.26,1791.3,1329.88,1795.5279188817524
2023-05-14 00:30:00,1793.74,1794.59,1795.19,1791.12,1468.67,1795.3194924635852
2023-05-14 00:45:00,1794.58,1794.12,1795.3,1792.43,1203.16,1795.0529385827886
2023-05-14 01:00:00,1794.12,1792.49,1794.12,1790.35,2358.19,1794.4833966755023
2023-05-14 01:15:00,1792.49,1797.21,1798.49,1792.48,5914.09,1795.0893085253906
2023-05-14 01:30:00,1797.2,1794.03,1798.13,1792.91,2088.84,1794.8539066308595
2023-05-14 01:45:00,1794.03,1793.55,1794.03,1792.19,969.65,1794.5641496017795
2023-05-14 02:00:00,1793.56,1794.0,1794.75,1791.28,1242.68,1794.4387830236064
2023-05-14 02:15:00,1794.01,1793.53,1794.6,1792.94,660.72,1794.236831240583
2023-05-14 02:30:00,1793.53,1796.27,1798.02,1793.2,1611.19,1794.6886465204534
2023-05-14 02:45:00,1796.28,1789.18,1806.45,1786.12,9566.8,1793.4645028492416
2023-05-14 03:00:00,1789.18,1795.59,1796.7,1787.46,4677.41,1793.9368355494103
2023-05-14 03:15:00,1795.6,1797.13,1800.58,1793.6,2529.32,1794.6464276495415
2023-05-14 03:30:00,1797.14,1791.6,1797.14,1790.72,2140.36,1793.969443727421
2023-05-14 03:45:00,1791.6,1792.83,1794.4,1789.04,1496.54,1793.7162340102163
2023-05-14 04:00:00,1792.84,1794.51,1796.67,1792.38,1618.14,1793.8926264523905
2023-05-14 04:15:00,1794.51,1796.61,1797.73,1793.8,1180.21,1794.4964872407481
2023-05-14 04:30:00,1796.61,1798.39,1798.52,1796.0,1118.76,1795.3617122983596
2023-05-14 04:45:00,1798.39,1802.75,1804.4,1797.23,1990.87,1797.0035540098352
2023-05-14 05:00:00,1802.76,1800.37,1804.89,1799.72,2313.36,1797.7516531187607
2023-05-14 05:15:00,1800.36,1801.2,1803.0,1797.95,1997.8,1798.5179524257028
2023-05-14 05:30:00,1801.2,1802.07,1804.04,1800.6,1346.29,1799.3072963311022
2023-05-14 05:45:00,1802.07,1799.84,1803.2,1799.59,1148.09,1799.4256749241904
2023-05-14 06:00:00,1799.84,1798.68,1802.32,1798.68,3762.61,1799.2599693854816
2023-05-14 06:15:00,1798.68,1797.57,1799.46,1797.29,740.45,1798.8844206331523
2023-05-14 06:30:00,1797.57,1800.32,1801.4,1797.57,778.59,1799.2034382702295
2023-05-14 06:45:00,1800.32,1801.83,1802.0,1800.31,635.35,1799.787118654623
2023-05-14 07:00:00,1801.83,1804.33,1804.59,1801.08,1623.65,1800.7966478424846
2023-05-14 07:15:00,1804.33,1801.9,1804.72,1801.2,1421.48,1801.0418372108213
2023-05-14 07:30:00,1801.9,1796.81,1802.6,1796.81,1692.08,1800.1014289417499
2023-05-14 07:45:00,1796.81,1795.11,1797.78,1793.91,1324.44,1798.99222251025
2023-05-14 08:00:00,1795.12,1796.19,1798.58,1793.05,3382.12,1798.3695063968612
2023-05-14 08:15:00,1796.2,1799.29,1799.69,1795.1,1907.81,1798.574060530892
2023-05-14 08:30:00,1799.29,1795.0,1802.0,1789.82,5877.57,1797.7798248573604
2023-05-14 08:45:00,1795.0,1800.29,1801.03,1793.24,2569.57,1798.3376415557248
2023-05-14 09:00:00,1800.3,1795.11,1801.59,1793.8,2641.09,1797.6203878766746
2023-05-14 09:15:00,1795.11,1796.49,1797.13,1791.62,2002.25,1797.369190570747
2023-05-14 09:30:00,1796.5,1793.36,1797.73,1793.22,1089.35,1796.4782593328032
2023-05-14 09:45:00,1793.35,1794.8,1795.39,1792.4,1229.0,1796.1053128144024
2023-05-14 10:00:00,1794.79,1795.74,1795.85,1793.66,959.59,1796.0241321889796
2023-05-14 10:15:00,1795.74,1798.15,1798.31,1794.94,1036.85,1796.4965472580952
2023-05-14 10:30:00,1798.16,1796.8,1798.79,1795.79,857.65,1796.5639812007407
2023-05-14 10:45:00,1796.8,1799.2,1800.73,1796.79,975.56,1797.1497631561315
2023-05-14 11:00:00,1799.19,1798.26,1799.8,1797.92,860.68,1797.3964824547688
2023-05-14 11:15:00,1798.26,1801.62,1801.62,1797.6,1374.25,1798.3350419092646
2023-05-14 11:30:00,1801.62,1803.54,1803.56,1800.47,1705.12,1799.4916992627614
2023-05-14 11:45:00,1803.53,1803.89,1805.8,1802.41,1961.2,1800.4690994265923
2023-05-14 12:00:00,1803.88,1802.45,1804.9,1801.44,1208.43,1800.9092995540163
2023-05-14 12:15:00,1802.46,1802.72,1803.06,1801.0,1111.18,1801.3116774309017
2023-05-14 12:30:00,1802.72,1802.11,1804.58,1801.8,1274.81,1801.4890824462568
2023-05-14 12:45:00,1802.12,1802.94,1804.73,1800.94,2411.0,1801.8115085693107
2023-05-14 13:00:00,1802.95,1803.64,1804.93,1802.94,1017.92,1802.2178399983527
2023-05-14 13:15:00,1803.63,1803.27,1805.38,1803.27,1058.08,1802.451653332052
2023-05-14 13:30:00,1803.28,1803.39,1803.73,1801.27,1472.88,1802.6601748138182
2023-05-14 13:45:00,1803.4,1802.92,1804.2,1802.0,765.2,1802.717913744081
2023-05-14 14:00:00,1802.93,1806.61,1809.4,1802.92,5223.46,1803.582821800952
2023-05-14 14:15:00,1806.61,1808.5,1809.67,1806.24,2396.97,1804.6755280674072
2023-05-14 14:30:00,1808.5,1807.01,1809.84,1806.5,2182.47,1805.1942996079833
2023-05-14 14:45:00,1807.01,1805.83,1807.16,1805.67,992.44,1805.3355663617647
2023-05-14 15:00:00,1805.83,1808.52,1809.31,1805.83,2001.67,1806.0432182813724
2023-05-14 15:15:00,1808.53,1805.99,1808.67,1805.81,1204.62,1806.0313919966231
2023-05-14 15:30:00,1805.99,1805.35,1806.24,1805.21,919.38,1805.8799715529292
2023-05-14 15:45:00,1805.35,1805.21,1805.59,1804.41,1071.64,1805.7310889856114
2023-05-14 16:00:00,1805.21,1802.43,1805.52,1802.27,1459.9,1804.9975136554756
2023-05-14 16:15:00,1802.42,1803.5,1805.0,1802.42,1013.82,1804.6647328431477
2023-05-14 16:30:00,1803.5,1804.0,1805.74,1802.85,1371.73,1804.5170144335593
2023-05-14 16:45:00,1804.0,1802.8,1804.01,1801.84,1240.41,1804.1354556705462
2023-05-14 17:00:00,1802.79,1804.0,1806.79,1802.79,1483.2,1804.105354410425
2023-05-14 17:15:00,1803.99,1802.13,1804.19,1799.91,2442.85,1803.666386763664
2023-05-14 17:30:00,1802.12,1803.17,1803.92,1800.8,1499.51,1803.556078593961
2023-05-14 17:45:00,1803.16,1803.62,1804.82,1803.16,1448.62,1803.5702833508587
2023-05-14 18:00:00,1803.61,1802.15,1803.99,1801.81,1355.52,1803.2546648284456
2023-05-14 18:15:00,1802.16,1802.74,1802.74,1800.67,1354.58,1803.1402948665689
2023-05-14 18:30:00,1802.73,1802.01,1803.71,1802.01,697.42,1802.8891182295536
2023-05-14 18:45:00,1802.01,1802.19,1803.06,1800.93,1087.03,1802.7337586229862
2023-05-14 19:00:00,1802.19,1802.63,1802.79,1802.05,412.36,1802.7107011512114
2023-05-14 19:15:00,1802.63,1802.31,1803.17,1801.58,991.2,1802.6216564509423
2023-05-14 19:30:00,1802.32,1802.14,1803.57,1801.85,812.6,1802.5146216840662
2023-05-14 19:45:00,1802.14,1802.05,1802.36,1800.2,1384.58,1802.4113724209403
2023-05-14 20:00:00,1802.04,1801.45,1802.87,1800.4,1727.32,1802.1977341051756
2023-05-14 20:15:00,1801.46,1798.12,1801.46,1797.5,1947.34,1801.2915709706922
2023-05-14 20:30:00,1798.13,1803.41,1804.33,1798.03,2614.19,1801.7623329772052
2023-05-14 20:45:00,1803.41,1808.3,1808.75,1803.24,3033.91,1803.2151478711596
2023-05-14 21:00:00,1808.29,1805.01,1813.21,1804.8,4498.89,1803.6140038997908
2023-05-14 21:15:00,1805.01,1805.18,1806.22,1803.33,2194.52,1803.9620030331705
2023-05-14 21:30:00,1805.17,1806.24,1806.51,1803.43,1760.0,1804.4682245813547
2023-05-14 21:45:00,1806.25,1810.61,1812.77,1806.24,3400.43,1805.8330635632758
2023-05-14 22:00:00,1810.61,1807.61,1812.98,1807.0,3182.98,1806.2279383269922
2023-05-14 22:15:00,1807.6,1806.14,1808.2,1805.47,1569.76,1806.2083964765495
2023-05-14 22:30:00,1806.14,1807.72,1809.02,1804.88,1808.2,1806.5443083706496
2023-05-14 22:45:00,1807.73,1809.1,1809.59,1805.41,2495.56,1807.1122398438386
2023-05-14 23:00:00,1809.1,1814.8,1820.91,1808.45,12833.77,1808.820630989652
2023-05-14 23:15:00,1814.8,1815.81,1818.55,1813.37,5662.47,1810.3738241030628
2023-05-14 23:30:00,1815.81,1818.17,1818.94,1811.43,3859.43,1812.1063076357157
2023-05-14 23:45:00,1818.16,1819.05,1824.0,1817.99,7401.57,1813.6493503833344
2023-05-15 00:00:00,1819.06,1816.8,1821.87,1816.8,4296.98,1814.3494947425934
2023-05-15 00:15:00,1816.81,1813.47,1816.85,1811.31,3982.83,1814.1540514664616
2023-05-15 00:30:00,1813.47,1811.52,1814.6,1810.6,3222.42,1813.5687066961368
2023-05-15 00:45:00,1811.52,1807.69,1812.79,1806.02,5045.04,1812.2623274303287
2023-05-15 01:00:00,1807.7,1805.05,1807.7,1803.34,4866.8,1810.6595880013667
2023-05-15 01:15:00,1805.05,1809.56,1809.57,1804.57,2077.31,1810.415235112174
2023-05-15 01:30:00,1809.57,1807.73,1809.8,1806.27,1526.87,1809.8185161983574
2023-05-15 01:45:00,1807.74,1806.36,1807.74,1804.7,1281.79,1809.049957043167
2023-05-15 02:00:00,1806.37,1805.59,1806.37,1804.4,1627.64,1808.281077700241
2023-05-15 02:15:00,1805.58,1801.45,1805.96,1795.1,8532.53,1806.7630604335209
2023-05-15 02:30:00,1801.46,1802.5,1803.07,1800.6,1751.57,1805.8157136705163
2023-05-15 02:45:00,1802.5,1801.63,1802.51,1799.59,1562.25,1804.8855550770684
2023-05-15 03:00:00,1801.63,1797.54,1802.4,1797.09,4297.38,1803.2532095043866
2023-05-15 03:15:00,1797.54,1793.98,1798.87,1792.4,4701.44,1801.1924962811897
2023-05-15 03:30:00,1793.99,1795.84,1795.97,1792.57,2131.61,1800.0030526631476
2023-05-15 03:45:00,1795.84,1796.32,1798.31,1795.78,2029.7,1799.1845965157815
2023-05-15 04:00:00,1796.32,1794.23,1796.32,1791.45,5213.69,1798.0835750678302
2023-05-15 04:15:00,1794.23,1795.11,1795.15,1792.6,1045.84,1797.4227806083122
2023-05-15 04:30:00,1795.11,1797.49,1798.52,1795.1,1596.22,1797.4377182509095
2023-05-15 04:45:00,1797.5,1798.47,1799.71,1796.84,1668.76,1797.667114195152
2023-05-15 05:00:00,1798.47,1797.29,1799.69,1794.64,3438.89,1797.5833110406736
2023-05-15 05:15:00,1797.29,1797.16,1799.03,1796.31,1182.53,1797.489241920524
2023-05-15 05:30:00,1797.17,1797.84,1798.69,1796.48,1019.59,1797.5671881604076
2023-05-15 05:45:00,1797.84,1799.69,1800.6,1797.14,997.28,1798.0389241247615
2023-05-15 06:00:00,1799.69,1799.19,1799.7,1795.03,2781.6,1798.2947187637033
2023-05-15 06:15:00,1799.2,1798.91,1802.41,1798.9,1735.97,1798.4314479273248
2023-05-15 06:30:00,1798.9,1799.99,1800.99,1798.41,1125.58,1798.777792832364
2023-05-15 06:45:00,1800.0,1800.02,1801.75,1799.11,1065.72,1799.0538388696164
2023-05-15 07:00:00,1800.01,1796.13,1800.12,1795.88,1701.21,1798.4040968985905
2023-05-15 07:15:00,1796.13,1798.16,1799.56,1795.81,1636.68,1798.3498531433481
2023-05-15 07:30:00,1798.17,1800.01,1801.77,1798.13,1298.61,1798.7187746670486
2023-05-15 07:45:00,1800.01,1799.21,1800.02,1797.8,871.28,1798.827935852149
2023-05-15 08:00:00,1799.2,1799.01,1800.36,1797.26,1810.87,1798.8683945516714
2023-05-15 08:15:00,1799.0,1792.93,1799.01,1788.03,9123.76,1797.5487513179667
2023-05-15 08:30:00,1792.92,1789.73,1795.75,1787.48,7966.9,1795.8112510250853
2023-05-15 08:45:00,1789.73,1790.63,1791.36,1785.05,7515.64,1794.6598619083995
2023-05-15 09:00:00,1790.64,1794.45,1794.5,1789.16,2751.63,1794.6132259287551
2023-05-15 09:15:00,1794.45,1808.25,1814.82,1793.11,11796.53,1797.6436201668096
2023-05-15 09:30:00,1808.24,1819.52,1821.0,1807.2,20563.01,1802.5050379075185
2023-05-15 09:45:00,1819.51,1823.7,1829.93,1816.6,16624.9,1807.2150294836256
2023-05-15 10:00:00,1823.7,1822.8,1828.38,1821.6,11363.39,1810.678356265042
2023-05-15 10:15:00,1822.86,1823.59,1826.18,1820.02,3526.56,1813.547610428366
2023-05-15 10:30:00,1823.6,1825.8,1826.39,1822.82,1981.9,1816.270363666507
2023-05-15 10:45:00,1825.79,1823.2,1827.68,1823.2,3159.51,1817.8102828517276
2023-05-15 11:00:00,1823.2,1827.09,1829.91,1823.15,3847.87,1819.8724422180103
2023-05-15 11:15:00,1827.09,1828.03,1829.39,1826.41,2781.61,1821.6852328362302
2023-05-15 11:30:00,1828.04,1824.95,1835.85,1824.0,11570.67,1822.4107366504013
2023-05-15 11:45:00,1824.94,1826.09,1827.97,1824.94,3010.58,1823.22835072809
2023-05-15 12:00:00,1826.1,1823.68,1832.92,1823.65,5687.8,1823.3287172329588
2023-05-15 12:15:00,1823.69,1825.9,1826.21,1823.27,2481.76,1823.9001134034122
2023-05-15 12:30:00,1825.91,1826.46,1828.12,1825.3,1663.64,1824.468977091543
2023-05-15 12:45:00,1826.45,1828.01,1828.5,1825.65,2139.73,1825.2558710712
2023-05-15 13:00:00,1828.01,1822.19,1831.1,1819.21,10797.86,1824.5745663887112
2023-05-15 13:15:00,1822.18,1822.94,1823.36,1821.36,3053.02,1824.2113294134422
2023-05-15 13:30:00,1822.94,1827.04,1827.05,1822.24,4116.9,1824.8399228771216
2023-05-15 13:45:00,1827.04,1825.73,1827.05,1824.22,2860.91,1825.037717793317
2023-05-15 14:00:00,1825.73,1825.06,1826.79,1822.81,2795.92,1825.042669394802
2023-05-15 14:15:00,1825.06,1832.68,1834.28,1823.0,12674.85,1826.7398539737349
2023-05-15 14:30:00,1832.68,1829.78,1834.11,1828.48,7761.88,1827.4154419795716
2023-05-15 14:45:00,1829.77,1832.2,1832.41,1827.77,3209.35,1828.4786770952223
2023-05-15 15:00:00,1832.21,1833.74,1834.21,1831.09,1831.19,1829.6478599629509
2023-05-15 15:15:00,1833.74,1830.91,1834.47,1829.31,2854.63,1829.9283355267396
2023-05-15 15:30:00,1830.92,1829.05,1831.69,1829.0,2545.74,1829.7331498541307
2023-05-15 15:45:00,1829.05,1828.72,1830.27,1826.99,2063.84,1829.5080054421016
2023-05-15 16:00:00,1828.73,1827.46,1829.76,1827.4,2290.9,1829.0528931216347
2023-05-15 16:15:00,1827.45,1828.72,1830.05,1827.0,2529.15,1828.9789168723826
2023-05-15 16:30:00,1828.73,1831.2,1831.2,1828.49,1929.14,1829.472490900742
2023-05-15 16:45:00,1831.2,1831.61,1832.55,1830.67,3044.47,1829.9474929227995
2023-05-15 17:00:00,1831.6,1829.87,1836.06,1829.76,3653.71,1829.9302722732884
2023-05-15 17:15:00,1829.87,1828.41,1830.53,1827.1,3446.38,1829.5924339903354
2023-05-15 17:30:00,1828.41,1828.31,1829.7,1827.88,1573.57,1829.3074486591497
2023-05-15 17:45:00,1828.31,1828.66,1829.22,1825.64,2555.88,1829.1635711793388
2023-05-15 18:00:00,1828.65,1827.19,1829.06,1826.6,1629.22,1828.7249998061525
2023-05-15 18:15:00,1827.18,1827.93,1828.84,1825.75,1957.84,1828.548333182563
2023-05-15 18:30:00,1827.94,1829.11,1829.12,1827.93,869.66,1828.6731480308824
2023-05-15 18:45:00,1829.11,1828.73,1829.32,1828.14,1131.25,1828.6857818017975
2023-05-15 19:00:00,1828.74,1829.4,1830.6,1825.55,2059.01,1828.8444969569537
2023-05-15 19:15:00,1829.4,1828.65,1829.4,1828.11,1165.01,1828.801275410964
2023-05-15 19:30:00,1828.65,1825.52,1829.37,1825.51,3150.55,1828.0721030974164
2023-05-15 19:45:00,1825.52,1824.39,1827.19,1823.87,2878.79,1827.2538579646573
2023-05-15 20:00:00,1824.39,1826.54,1826.55,1824.15,1487.94,1827.0952228614
2023-05-15 20:15:00,1826.54,1824.69,1828.34,1824.69,2313.8,1826.5607288922001
2023-05-15 20:30:00,1824.69,1826.81,1827.2,1823.74,2238.74,1826.6161224717112
2023-05-15 20:45:00,1826.8,1826.29,1827.8,1824.93,1744.2,1826.5436508113307
2023-05-15 21:00:00,1826.29,1826.35,1827.16,1825.12,1726.94,1826.5006172977019
2023-05-15 21:15:00,1826.36,1825.0,1826.37,1821.87,2903.49,1826.1671467871015
2023-05-15 21:30:00,1825.01,1827.16,1828.6,1824.04,4048.39,1826.3877808344123
2023-05-15 21:45:00,1827.15,1823.99,1827.76,1821.08,3098.27,1825.8549406489874
2023-05-15 22:00:00,1823.99,1818.08,1824.0,1817.07,5203.88,1824.1271760603236
2023-05-15 22:15:00,1818.08,1819.78,1820.6,1812.97,8438.95,1823.1611369358072
2023-05-15 22:30:00,1819.78,1820.74,1822.33,1819.05,2360.9,1822.623106505628
2023-05-15 22:45:00,1820.73,1824.64,1836.28,1820.48,9637.46,1823.0713050599327
2023-05-15 23:00:00,1824.63,1826.2,1826.4,1821.67,3058.96,1823.7665706021698
2023-05-15 23:15:00,1826.2,1829.13,1830.38,1824.73,2924.23,1824.9584438016877
2023-05-15 23:30:00,1829.12,1828.21,1829.78,1826.06,2699.51,1825.681011845757
2023-05-15 23:45:00,1828.21,1827.84,1829.42,1825.33,2264.6,1826.1607869911445
2023-05-16 00:00:00,1827.85,1833.56,1833.78,1826.4,5781.76,1827.8050565486678
2023-05-16 00:15:00,1833.55,1836.81,1839.2,1833.23,9190.65,1829.8061550934085
2023-05-16 00:30:00,1836.81,1829.56,1839.13,1827.05,8427.05,1829.75145396154
2023-05-16 00:45:00,1829.55,1834.24,1835.93,1828.61,5306.23,1830.7489086367534
2023-05-16 01:00:00,1834.25,1843.43,1846.0,1834.24,13237.91,1833.5669289396972
2023-05-16 01:15:00,1843.43,1835.21,1846.7,1834.38,8991.35,1833.9320558419868
2023-05-16 01:30:00,1835.21,1831.88,1836.76,1830.64,5889.57,1833.4760434326563
2023-05-16 01:45:00,1831.88,1833.92,1834.71,1828.7,2247.55,1833.5747004476216
2023-05-16 02:00:00,1833.92,1833.62,1835.0,1831.65,1578.08,1833.5847670148166
2023-05-16 02:15:00,1833.61,1828.0,1833.63,1826.39,3952.6,1832.3437076781906
2023-05-16 02:30:00,1828.0,1829.42,1830.2,1827.11,2296.46,1831.693994860815
2023-05-16 02:45:00,1829.43,1829.66,1830.76,1827.79,1858.56,1831.2419960028562
2023-05-16 03:00:00,1829.67,1830.23,1831.0,1828.57,1402.43,1831.0171080022214
2023-05-16 03:15:00,1830.23,1828.91,1830.23,1823.73,4111.57,1830.5488617795056
2023-05-16 03:30:00,1828.91,1828.8,1829.64,1826.64,1761.68,1830.1602258285043
2023-05-16 03:45:00,1828.81,1828.74,1829.16,1826.8,1398.21,1829.8446200888366
2023-05-16 04:00:00,1828.74,1829.26,1829.75,1827.09,1055.45,1829.7147045135396
2023-05-16 04:15:00,1829.26,1825.01,1829.26,1824.4,1827.23,1828.669214621642
2023-05-16 04:30:00,1825.0,1825.65,1825.79,1824.6,1754.14,1827.9982780390549
2023-05-16 04:45:00,1825.65,1825.64,1826.36,1825.18,1226.76,1827.4742162525981
2023-05-16 05:00:00,1825.65,1825.84,1826.26,1824.7,925.27,1827.111057085354
2023-05-16 05:15:00,1825.85,1825.54,1825.85,1825.21,846.48,1826.7619332886088
2023-05-16 05:30:00,1825.54,1825.41,1826.15,1824.85,980.39,1826.4615036689179
2023-05-16 05:45:00,1825.41,1825.1,1825.76,1823.76,1751.62,1826.1589472980472
2023-05-16 06:00:00,1825.11,1823.19,1825.11,1820.63,3338.62,1825.4991812318144
2023-05-16 06:15:00,1823.19,1825.63,1825.63,1822.89,967.74,1825.528252069189
2023-05-16 06:30:00,1825.62,1821.87,1825.63,1819.49,1901.86,1824.7153071649248
2023-05-16 06:45:00,1821.87,1823.18,1823.81,1819.91,1976.85,1824.3741277949414
2023-05-16 07:00:00,1823.17,1822.91,1823.25,1820.47,2273.98,1824.0487660627323
2023-05-16 07:15:00,1822.91,1821.97,1823.0,1821.0,1129.58,1823.5868180487919
2023-05-16 07:30:00,1821.97,1818.84,1821.97,1818.09,2657.03,1822.531969593505
2023-05-16 07:45:00,1818.83,1816.2,1818.84,1813.0,6178.17,1821.1248652393926
2023-05-16 08:00:00,1816.21,1817.79,1818.07,1814.11,3771.53,1820.3837840750832
2023-05-16 08:15:00,1817.8,1821.85,1822.69,1816.4,2133.05,1820.7096098361758
2023-05-16 08:30:00,1821.85,1816.13,1821.96,1813.4,3359.22,1819.69191876147
2023-05-16 08:45:00,1816.12,1813.02,1817.39,1803.67,8836.8,1818.20927014781
2023-05-16 09:00:00,1813.02,1812.01,1815.59,1809.53,4877.69,1816.8316545594078
2023-05-16 09:15:00,1812.01,1799.96,1812.18,1796.51,23052.07,1813.0823979906504
2023-05-16 09:30:00,1799.95,1803.8,1804.28,1796.2,9283.47,1811.019642881617
2023-05-16 09:45:00,1803.81,1806.66,1807.7,1802.87,3583.09,1810.050833352369
2023-05-16 10:00:00,1806.65,1808.35,1808.58,1805.35,2452.43,1809.6728703851759
2023-05-16 10:15:00,1808.35,1805.77,1808.36,1804.04,2512.0,1808.8055658551368
2023-05-16 10:30:00,1805.78,1806.59,1808.08,1804.13,1758.65,1808.3132178873286
2023-05-16 10:45:00,1806.59,1809.9,1810.11,1806.59,2371.52,1808.665836134589
2023-05-16 11:00:00,1809.89,1811.16,1811.99,1809.0,3042.3,1809.220094771347
2023-05-16 11:15:00,1811.16,1812.36,1814.74,1810.4,3835.0,1809.9178514888256
2023-05-16 11:30:00,1812.35,1812.77,1814.3,1811.0,2681.39,1810.5516622690866
2023-05-16 11:45:00,1812.77,1813.53,1813.61,1812.35,1587.91,1811.2135150981785
2023-05-16 12:00:00,1813.53,1811.16,1814.92,1810.91,2334.55,1811.2016228541388
2023-05-16 12:15:00,1811.16,1812.52,1812.52,1810.7,1288.12,1811.494595553219
2023-05-16 12:30:00,1812.52,1813.28,1813.4,1810.77,1331.31,1811.891352096948
2023-05-16 12:45:00,1813.28,1812.3,1813.29,1811.66,755.13,1811.9821627420706
2023-05-16 13:00:00,1812.3,1813.21,1814.93,1812.29,2444.02,1812.2550154660548
2023-05-16 13:15:00,1813.22,1812.72,1814.35,1812.6,916.54,1812.358345362487
2023-05-16 13:30:00,1812.71,1810.49,1812.72,1809.88,1461.18,1811.9431575041565
2023-05-16 13:45:00,1810.5,1810.75,1811.59,1809.06,1996.62,1811.6780113921218
2023-05-16 14:00:00,1810.75,1808.13,1810.93,1806.03,2621.06,1810.8895644160948
2023-05-16 14:15:00,1808.14,1810.73,1810.73,1808.13,1367.58,1810.8541056569627
2023-05-16 14:30:00,1810.72,1811.25,1812.92,1810.72,1875.25,1810.9420821776378
2023-05-16 14:45:00,1811.24,1811.83,1813.25,1810.04,1862.01,1811.1393972492738
2023-05-16 15:00:00,1811.83,1814.21,1814.58,1811.67,2046.59,1811.8217534161017
2023-05-16 15:15:00,1814.21,1817.63,1821.12,1813.68,5478.64,1813.1124748791901
2023-05-16 15:30:00,1817.62,1822.11,1823.61,1816.83,12593.46,1815.1119249060366
2023-05-16 15:45:00,1822.11,1822.68,1823.46,1820.65,4277.41,1816.7937193713617
2023-05-16 16:00:00,1822.68,1824.01,1826.99,1819.42,3972.93,1818.3973372888368
2023-05-16 16:15:00,1824.02,1822.35,1827.18,1821.89,6160.81,1819.2757067802065
2023-05-16 16:30:00,1822.35,1820.98,1822.37,1820.0,1948.83,1819.6544386068274
2023-05-16 16:45:00,1820.98,1819.8,1821.35,1818.09,1678.97,1819.6867855830878
2023-05-16 17:00:00,1819.8,1818.77,1821.22,1818.72,1507.39,1819.4830554535126
2023-05-16 17:15:00,1818.76,1819.85,1820.92,1818.74,1833.56,1819.5645986860654
2023-05-16 17:30:00,1819.86,1819.32,1821.16,1817.0,3580.02,1819.5102434224953
2023-05-16 17:45:00,1819.32,1816.88,1819.32,1815.6,2787.7,1818.9257448841631
2023-05-16 18:00:00,1816.87,1816.63,1817.68,1814.6,2625.75,1818.4155793543491
2023-05-16 18:15:00,1816.64,1813.38,1816.64,1812.01,5550.32,1817.2965617200493
2023-05-16 18:30:00,1813.39,1814.18,1815.16,1813.38,2062.92,1816.6039924489273
2023-05-16 18:45:00,1814.18,1812.66,1814.19,1811.67,1501.77,1815.727549682499
2023-05-16 19:00:00,1812.66,1815.2,1815.76,1811.93,1943.43,1815.6103164197216
2023-05-16 19:15:00,1815.21,1815.41,1816.67,1813.99,1331.22,1815.5658016597833
2023-05-16 19:30:00,1815.4,1817.35,1820.0,1815.0,1395.82,1815.9622901798316
2023-05-16 19:45:00,1817.35,1816.53,1819.04,1816.1,1796.88,1816.0884479176466
2023-05-16 20:00:00,1816.54,1817.03,1817.55,1814.53,1403.58,1816.2976817137253
2023-05-16 20:15:00,1817.03,1814.42,1820.81,1814.3,2320.26,1815.8804191106751
2023-05-16 20:30:00,1814.43,1822.79,1823.17,1810.0,9365.92,1817.4158815305252
2023-05-16 20:45:00,1822.8,1818.92,1823.24,1818.35,3311.69,1817.7501300792974
2023-05-16 21:00:00,1818.93,1819.6,1820.7,1817.0,3473.0,1818.1612122838978
2023-05-16 21:15:00,1819.59,1819.4,1819.65,1817.24,1280.47,1818.4364984430317
2023-05-16 21:30:00,1819.4,1819.42,1821.4,1813.36,4237.85,1818.65505434458
2023-05-16 21:45:00,1819.42,1814.2,1821.6,1813.84,4498.21,1817.6650422680068
2023-05-16 22:00:00,1814.2,1813.63,1818.14,1810.71,6753.99,1816.7683662084496
2023-05-16 22:15:00,1813.63,1815.7,1816.42,1812.13,2790.31,1816.5309514954608
2023-05-16 22:30:00,1815.69,1813.86,1817.75,1811.05,3894.4,1815.9374067186918
2023-05-16 22:45:00,1813.86,1816.21,1817.75,1813.04,3815.44,1815.997983003427
2023-05-16 23:00:00,1816.21,1818.06,1820.89,1816.21,4699.16,1816.4562090026654
2023-05-16 23:15:00,1818.05,1821.35,1822.98,1817.22,2865.82,1817.5437181131842
2023-05-16 23:30:00,1821.36,1818.14,1821.92,1818.14,1958.95,1817.6762251991433
2023-05-16 23:45:00,1818.14,1820.2,1822.09,1817.73,2660.22,1818.2370640437782
2023-05-17 00:00:00,1820.2,1821.46,1822.21,1819.8,2406.65,1818.9532720340496
2023-05-17 00:15:00,1821.46,1818.74,1821.99,1818.13,5739.56,1818.9058782487052
2023-05-17 00:30:00,1818.73,1821.98,1823.2,1818.73,2088.29,1819.5890164156597
2023-05-17 00:45:00,1821.98,1823.72,1829.76,1817.82,6951.66,1820.5070127677354
2023-05-17 01:00:00,1823.73,1821.02,1827.43,1819.83,3628.69,1820.6210099304608
2023-05-17 01:15:00,1821.02,1818.01,1821.03,1816.32,2810.32,1820.0407855014694
2023-05-17 01:30:00,1818.0,1824.99,1825.89,1817.43,3043.93,1821.1406109455872
2023-05-17 01:45:00,1824.99,1827.24,1828.8,1823.43,3972.77,1822.4960307354568
2023-05-17 02:00:00,1827.24,1824.92,1832.64,1824.63,4808.08,1823.034690572022
2023-05-17 02:15:00,1824.92,1823.83,1825.59,1822.58,2972.27,1823.2114260004616
2023-05-17 02:30:00,1823.84,1823.0,1824.95,1823.0,1649.07,1823.1644424448034
2023-05-17 02:45:00,1823.0,1825.91,1826.53,1823.0,5403.53,1823.7745663459582
2023-05-17 03:00:00,1825.91,1825.65,1827.26,1821.81,2004.23,1824.1913293801897
2023-05-17 03:15:00,1825.65,1824.64,1826.7,1822.89,1900.73,1824.2910339623697
2023-05-17 03:30:00,1824.65,1821.79,1826.38,1820.72,3585.94,1823.7352486373989
2023-05-17 03:45:00,1821.8,1816.8,1821.8,1814.34,4346.5,1822.1940822735326
2023-05-17 04:00:00,1816.79,1818.63,1818.95,1814.84,2552.36,1821.4020639905252
2023-05-17 04:15:00,1818.63,1820.0,1820.0,1818.01,1627.48,1821.090494214853
2023-05-17 04:30:00,1820.0,1822.42,1823.4,1819.71,1868.84,1821.3859399448856
2023-05-17 04:45:00,1822.42,1821.25,1823.6,1820.92,1340.53,1821.3557310682443
2023-05-17 05:00:00,1821.24,1823.47,1824.2,1818.49,2289.32,1821.8255686086345
2023-05-17 05:15:00,1823.48,1826.97,1827.2,1823.2,1919.74,1822.9687755844936
2023-05-17 05:30:00,1826.97,1828.15,1828.94,1822.8,2201.87,1824.1201587879395
2023-05-17 05:45:00,1828.15,1825.89,1829.34,1825.82,1034.39,1824.513456835064
2023-05-17 06:00:00,1825.89,1826.04,1827.91,1825.76,3011.0,1824.8526886494942
2023-05-17 06:15:00,1826.04,1824.41,1826.04,1824.21,1087.91,1824.754313394051
2023-05-17 06:30:00,1824.41,1823.76,1826.4,1823.75,1175.38,1824.5333548620397
2023-05-17 06:45:00,1823.75,1823.4,1824.68,1822.77,2143.72,1824.2814982260309
2023-05-17 07:00:00,1823.41,1822.21,1823.41,1819.63,2391.05,1823.821165286913
2023-05-17 07:15:00,1822.21,1823.55,1825.73,1822.2,2396.65,1823.7609063342657
2023-05-17 07:30:00,1823.56,1823.95,1826.32,1823.55,874.8,1823.802927148873
2023-05-17 07:45:00,1823.95,1824.21,1824.98,1822.95,1216.16,1823.893387782457
2023-05-17 08:00:00,1824.21,1824.69,1825.45,1820.9,2201.9,1824.0704127196889
2023-05-17 08:15:00,1824.69,1818.94,1825.12,1818.21,2415.54,1822.9303210042024
2023-05-17 08:30:00,1818.95,1822.22,1827.51,1817.71,3257.86,1822.7724718921572
2023-05-17 08:45:00,1822.22,1825.43,1826.77,1821.14,2172.98,1823.3630336939
2023-05-17 09:00:00,1825.44,1824.48,1827.2,1824.43,1606.93,1823.6112484285889
2023-05-17 09:15:00,1824.48,1826.8,1826.97,1823.64,1784.49,1824.3198598889023
2023-05-17 09:30:00,1826.8,1832.41,1837.5,1826.46,8453.77,1826.1176688024796
2023-05-17 09:45:00,1832.4,1831.34,1833.79,1829.51,3180.62,1827.2781868463728
2023-05-17 10:00:00,1831.34,1831.27,1831.9,1828.88,2705.67,1828.1652564360677
2023-05-17 10:15:00,1831.28,1827.24,1831.36,1827.23,1467.37,1827.9596438947192
2023-05-17 10:30:00,1827.23,1825.41,1827.24,1824.04,2979.08,1827.3930563625595
2023-05-17 10:45:00,1825.4,1823.21,1825.75,1823.05,1949.64,1826.4634882819907
2023-05-17 11:00:00,1823.2,1824.26,1825.0,1822.28,1647.55,1825.9738242193262
2023-05-17 11:15:00,1824.27,1825.4,1825.62,1824.13,1101.32,1825.8463077261426
2023-05-17 11:30:00,1825.4,1826.45,1826.46,1823.71,1686.92,1825.9804615647777
2023-05-17 11:45:00,1826.45,1823.82,1826.46,1823.65,961.21,1825.5003589948271
2023-05-17 12:00:00,1823.81,1823.82,1824.38,1823.01,1086.28,1825.1269458848656
2023-05-17 12:15:00,1823.81,1825.28,1825.71,1823.4,1284.21,1825.160957910451
2023-05-17 12:30:00,1825.28,1825.61,1826.69,1825.0,2051.61,1825.2607450414619
2023-05-17 12:45:00,1825.61,1824.21,1826.45,1824.2,1522.46,1825.0272461433592
2023-05-17 13:00:00,1824.21,1821.8,1824.21,1821.8,1412.45,1824.3100803337238
2023-05-17 13:15:00,1821.81,1822.51,1823.99,1821.44,2157.28,1823.9100624817852
2023-05-17 13:30:00,1822.52,1820.33,1822.52,1819.0,2787.6,1823.1144930413884
2023-05-17 13:45:00,1820.33,1818.76,1820.34,1818.28,1583.99,1822.1468279210799
2023-05-17 14:00:00,1818.75,1817.73,1818.76,1815.0,4181.85,1821.1653106052845
2023-05-17 14:15:00,1817.73,1817.83,1819.32,1815.75,1716.72,1820.4241304707768
2023-05-17 14:30:00,1817.83,1818.31,1818.75,1817.16,1207.07,1819.9543236994932
2023-05-17 14:45:00,1818.32,1818.14,1819.0,1817.62,1093.63,1819.5511406551614
2023-05-17 15:00:00,1818.14,1820.86,1821.13,1817.7,1736.62,1819.8419982873477
2023-05-17 15:15:00,1820.87,1819.87,1821.22,1818.11,1288.45,1819.8482208901594
2023-05-17 15:30:00,1819.86,1815.6,1819.87,1815.0,2823.77,1818.9041718034573
2023-05-17 15:45:00,1815.6,1807.75,1815.6,1803.33,12894.32,1816.4254669582444
2023-05-17 16:00:00,1807.74,1805.35,1807.75,1802.12,6665.58,1813.9642520786347
2023-05-17 16:15:00,1805.36,1806.34,1807.0,1804.63,3350.66,1812.269973838938
2023-05-17 16:30:00,1806.34,1808.03,1808.56,1805.2,5116.63,1811.3277574302851
2023-05-17 16:45:00,1808.04,1805.96,1808.33,1804.9,7436.3,1810.1349224457774
2023-05-17 17:00:00,1805.95,1804.99,1806.61,1800.87,10075.69,1808.9916063467158
2023-05-17 17:15:00,1805.0,1805.92,1807.88,1803.25,7263.64,1808.3090271585565
2023-05-17 17:30:00,1805.92,1807.16,1807.77,1805.74,1483.71,1808.0536877899885
2023-05-17 17:45:00,1807.17,1806.98,1807.17,1805.81,1471.09,1807.8150905033244
2023-05-17 18:00:00,1806.98,1804.12,1806.98,1803.43,1955.48,1806.9939592803635
2023-05-17 18:15:00,1804.13,1807.09,1807.2,1803.67,2647.27,1807.015301662505
2023-05-17 18:30:00,1807.09,1806.12,1807.52,1806.1,1584.72,1806.8163457375038
2023-05-17 18:45:00,1806.12,1806.04,1806.45,1803.49,1708.03,1806.6438244625028
2023-05-17 19:00:00,1806.03,1804.47,1806.04,1802.0,2082.33,1806.1607523597245
2023-05-17 19:15:00,1804.47,1795.09,1804.47,1791.23,12916.47,1803.7005851686747
2023-05-17 19:30:00,1795.09,1789.2,1797.89,1788.66,10251.21,1800.4782329089692
2023-05-17 19:45:00,1789.2,1790.2,1791.97,1788.1,5374.11,1798.1941811514203
2023-05-17 20:00:00,1790.2,1794.46,1795.41,1788.43,4359.73,1797.3643631177713
2023-05-17 20:15:00,1794.46,1793.41,1797.83,1791.99,5333.52,1796.4856157582667
2023-05-17 20:30:00,1793.42,1792.67,1796.36,1792.4,2554.24,1795.6377011453185
2023-05-17 20:45:00,1792.68,1794.47,1795.2,1792.53,1739.75,1795.3782120019146
2023-05-17 21:00:00,1794.47,1797.43,1797.43,1792.62,2235.69,1795.834164890378
2023-05-17 21:15:00,1797.42,1798.42,1799.51,1797.31,2806.66,1796.4087949147383
2023-05-17 21:30:00,1798.41,1797.82,1799.89,1797.04,2528.07,1796.7223960447964
2023-05-17 21:45:00,1797.82,1790.46,1798.15,1789.01,5953.66,1795.3307524792863
2023-05-17 22:00:00,1790.45,1792.78,1793.56,1783.68,7677.58,1794.7639185950004
2023-05-17 22:15:00,1792.78,1793.05,1795.59,1792.63,2780.18,1794.3830477961114
2023-05-17 22:30:00,1793.06,1797.2,1798.61,1784.34,8118.73,1795.0090371747533
2023-05-17 22:45:00,1797.21,1798.14,1800.35,1795.32,4097.56,1795.7048066914747
2023-05-17 23:00:00,1798.13,1798.42,1798.99,1795.52,2492.13,1796.3081829822581
2023-05-17 23:15:00,1798.42,1795.94,1800.2,1792.66,4493.54,1796.2263645417563
2023-05-17 23:30:00,1795.93,1795.26,1798.67,1793.21,2158.8,1796.0116168658105
2023-05-17 23:45:00,1795.26,1797.24,1797.48,1794.61,2030.03,1796.2845908956306
2023-05-18 00:00:00,1797.24,1796.1,1799.8,1795.07,2068.76,1796.2435706966014
2023-05-18 00:15:00,1796.1,1795.81,1798.28,1794.68,3459.07,1796.1472216529123
2023-05-18 00:30:00,1795.8,1800.37,1803.58,1795.47,7778.69,1797.0856168411542
2023-05-18 00:45:00,1800.38,1804.25,1806.52,1800.22,4985.73,1798.6777019875642
2023-05-18 01:00:00,1804.25,1804.56,1805.86,1800.84,4811.41,1799.984879323661
2023-05-18 01:15:00,1804.55,1804.79,1805.6,1802.64,2015.25,1801.052683918403
2023-05-18 01:30:00,1804.79,1807.47,1807.68,1804.19,2572.83,1802.478754158758
2023-05-18 01:45:00,1807.47,1815.99,1821.49,1807.04,12490.04,1805.4812532345895
2023-05-18 02:00:00,1816.0,1819.14,1821.08,1815.99,4901.69,1808.5165302935698
2023-05-18 02:15:00,1819.15,1821.92,1822.86,1817.82,4042.23,1811.495079117221
2023-05-18 02:30:00,1821.92,1819.28,1824.74,1818.37,6121.77,1813.2250615356163
2023-05-18 02:45:00,1819.27,1818.41,1822.0,1817.84,3894.57,1814.3772700832571
2023-05-18 03:00:00,1818.41,1828.38,1832.0,1818.39,8983.73,1817.4889878425333
2023-05-18 03:15:00,1828.39,1829.64,1833.93,1827.66,10102.67,1820.1892127664148
2023-05-18 03:30:00,1829.65,1830.55,1833.1,1827.71,6470.81,1822.4916099294337
2023-05-18 03:45:00,1830.55,1828.1,1832.48,1826.28,3324.61,1823.7379188340042
2023-05-18 04:00:00,1828.11,1828.76,1835.37,1828.1,4864.0,1824.853936870892
2023-05-18 04:15:00,1828.76,1826.22,1830.4,1822.92,4077.59,1825.1575064551382
2023-05-18 04:30:00,1826.23,1825.54,1828.04,1825.09,2685.83,1825.242505020663
2023-05-18 04:45:00,1825.54,1826.59,1827.94,1825.28,2066.95,1825.5419483494045
2023-05-18 05:00:00,1826.6,1824.87,1827.43,1822.37,3667.2,1825.3926264939812
2023-05-18 05:15:00,1824.87,1827.2,1830.25,1824.51,3213.49,1825.7942650508744
2023-05-18 05:30:00,1827.2,1824.28,1827.69,1824.27,1884.14,1825.4577617062357
2023-05-18 05:45:00,1824.28,1823.58,1824.71,1822.2,1813.76,1825.0404813270723
2023-05-18 06:00:00,1823.59,1823.45,1825.66,1821.66,2295.59,1824.6870410321671
2023-05-18 06:15:00,1823.45,1821.89,1824.22,1821.48,1131.41,1824.0654763583523
2023-05-18 06:30:00,1821.9,1820.56,1822.31,1820.12,2601.08,1823.2864816120518
2023-05-18 06:45:00,1820.57,1820.32,1821.3,1819.26,2078.91,1822.6272634760403
2023-05-18 07:00:00,1820.32,1821.87,1822.6,1820.31,3093.86,1822.4589827035868
2023-05-18 07:15:00,1821.87,1823.62,1824.2,1821.85,2967.98,1822.7169865472342
2023-05-18 07:30:00,1823.62,1821.33,1823.62,1821.18,1212.01,1822.4087673145154
2023-05-18 07:45:00,1821.32,1822.12,1822.58,1821.17,1276.34,1822.3445968001788
2023-05-18 08:00:00,1822.12,1820.45,1822.97,1819.68,2729.3,1821.9235752890281
2023-05-18 08:15:00,1820.45,1821.51,1824.58,1818.28,2692.78,1821.831669669244
2023-05-18 08:30:00,1821.51,1819.66,1822.73,1818.32,2143.71,1821.3490764094122
2023-05-18 08:45:00,1819.67,1820.69,1821.0,1819.22,1364.51,1821.2026149850983
2023-05-18 09:00:00,1820.69,1823.64,1824.2,1820.68,1607.73,1821.744256099521
2023-05-18 09:15:00,1823.63,1822.87,1824.97,1822.86,1697.59,1821.9944214107386
2023-05-18 09:30:00,1822.86,1819.69,1824.01,1818.83,1847.26,1821.482327763908
2023-05-18 09:45:00,1819.69,1820.31,1820.94,1819.03,1250.45,1821.2218104830395
2023-05-18 10:00:00,1820.3,1820.24,1822.06,1818.8,1019.19,1821.0036303756974
2023-05-18 10:15:00,1820.23,1822.9,1823.54,1819.6,1783.44,1821.4250458477647
2023-05-18 10:30:00,1822.89,1825.63,1826.57,1822.52,2022.3,1822.359480103817
2023-05-18 10:45:00,1825.63,1825.59,1826.82,1824.37,1359.77,1823.0773734140798
2023-05-18 11:00:00,1825.58,1826.08,1826.66,1824.61,1368.6,1823.7446237665065
2023-05-18 11:15:00,1826.08,1826.37,1827.82,1825.88,2737.05,1824.3280407072828
2023-05-18 11:30:00,1826.36,1824.98,1826.8,1823.81,1801.57,1824.472920550109
2023-05-18 11:45:00,1824.99,1826.59,1826.67,1824.46,1528.14,1824.9433826500847
2023-05-18 12:00:00,1826.58,1824.95,1827.05,1824.44,1057.62,1824.944853172288
2023-05-18 12:15:00,1824.96,1823.83,1825.2,1823.31,1062.98,1824.6971080228907
2023-05-18 12:30:00,1823.84,1824.88,1824.9,1822.91,1218.45,1824.7377506844705
2023-05-18 12:45:00,1824.89,1823.25,1824.9,1822.61,2283.15,1824.4071394212547
2023-05-18 13:00:00,1823.24,1823.97,1824.47,1821.81,1178.29,1824.3099973276426
2023-05-18 13:15:00,1823.97,1821.97,1823.98,1819.62,2200.03,1823.7899979215
2023-05-18 13:30:00,1821.98,1821.5,1822.99,1821.06,982.6,1823.2811094945
2023-05-18 13:45:00,1821.5,1819.4,1821.63,1818.85,2255.57,1822.4186407179445
2023-05-18 14:00:00,1819.41,1817.01,1820.55,1816.54,2334.43,1821.2167205584012
2023-05-18 14:15:00,1817.0,1816.65,1818.94,1814.92,3416.44,1820.2018937676455
2023-05-18 14:30:00,1816.66,1819.19,1819.4,1816.61,1473.26,1819.9770284859467
2023-05-18 14:45:00,1819.2,1817.64,1819.2,1817.35,1085.26,1819.457688822403
2023-05-18 15:00:00,1817.65,1817.99,1819.85,1817.64,1058.76,1819.1315357507578
2023-05-18 15:15:00,1818.0,1820.66,1821.79,1817.99,2014.43,1819.4711944728117
2023-05-18 15:30:00,1820.67,1828.73,1829.42,1820.66,5920.55,1821.5287068121868
2023-05-18 15:45:00,1828.73,1827.1,1831.92,1827.0,5299.2,1822.7667719650342
2023-05-18 16:00:00,1827.1,1825.58,1830.0,1824.86,3234.18,1823.391933750582
2023-05-18 16:15:00,1825.58,1827.1,1827.93,1825.25,1401.46,1824.2159484726749
2023-05-18 16:30:00,1827.11,1827.18,1828.97,1826.32,1773.78,1824.8746265898583
2023-05-18 16:45:00,1827.17,1826.38,1829.47,1826.38,1760.5,1825.2091540143342
2023-05-18 17:00:00,1826.38,1827.19,1828.61,1826.03,2237.23,1825.6493420111487
2023-05-18 17:15:00,1827.19,1825.81,1827.98,1825.74,1123.77,1825.685043786449
2023-05-18 17:30:00,1825.8,1825.88,1828.01,1824.48,1492.9,1825.7283673894603
2023-05-18 17:45:00,1825.88,1826.45,1827.67,1825.51,2148.36,1825.8887301918026
2023-05-18 18:00:00,1826.45,1826.54,1828.43,1826.44,1474.56,1826.0334568158464
2023-05-18 18:15:00,1826.54,1825.53,1828.39,1825.2,2133.05,1825.921577523436
2023-05-18 18:30:00,1825.53,1827.67,1828.41,1825.14,1040.65,1826.3101158515615
2023-05-18 18:45:00,1827.66,1826.48,1828.39,1825.99,1191.59,1826.347867884548
2023-05-18 19:00:00,1826.48,1826.39,1826.78,1825.64,972.51,1826.3572305768705
2023-05-18 19:15:00,1826.38,1825.34,1826.39,1825.09,1208.15,1826.131179337566
2023-05-18 19:30:00,1825.34,1824.6,1825.71,1823.24,1553.21,1825.7909172625514
2023-05-18 19:45:00,1824.6,1825.43,1825.44,1823.26,1364.96,1825.7107134264288
2023-05-18 20:00:00,1825.44,1825.68,1826.6,1821.55,2591.15,1825.7038882205559
2023-05-18 20:15:00,1825.68,1821.7,1827.18,1821.4,2092.31,1824.8141352826547
2023-05-18 20:30:00,1821.71,1820.39,1822.86,1818.69,3952.85,1823.8309941087314
2023-05-18 20:45:00,1820.39,1818.52,1821.32,1817.78,2603.4,1822.6507731956801
2023-05-18 21:00:00,1818.53,1814.62,1818.71,1812.62,7409.88,1820.8661569299734
2023-05-18 21:15:00,1814.62,1815.89,1817.59,1814.41,2567.42,1819.7603442788682
2023-05-18 21:30:00,1815.89,1818.16,1820.31,1815.41,2475.78,1819.4047122168977
2023-05-18 21:45:00,1818.17,1818.28,1819.6,1817.58,2022.67,1819.1547761686984
2023-05-18 22:00:00,1818.29,1817.37,1821.28,1813.86,3817.9,1818.758159242321
2023-05-18 22:15:00,1817.36,1819.79,1821.0,1816.25,2508.6,1818.9874571884718
2023-05-18 22:30:00,1819.8,1813.82,1824.34,1813.42,4096.56,1817.8391333688114
2023-05-18 22:45:00,1813.82,1816.92,1817.36,1805.11,8303.78,1817.6348815090755
2023-05-18 23:00:00,1816.92,1815.5,1820.78,1814.71,3137.8,1817.1604633959475
2023-05-18 23:15:00,1815.51,1809.51,1816.69,1807.67,4354.36,1815.4603604190702
2023-05-18 23:30:00,1809.5,1810.42,1811.68,1808.22,3026.14,1814.3402803259437
2023-05-18 23:45:00,1810.43,1807.99,1812.76,1806.64,3890.05,1812.9291069201784
2023-05-19 00:00:00,1807.99,1808.61,1810.19,1807.1,3738.38,1811.9693053823607
2023-05-19 00:15:00,1808.61,1808.32,1810.6,1807.1,4198.9,1811.158348630725
2023-05-19 00:30:00,1808.33,1812.62,1812.7,1806.95,2178.32,1811.4831600461196
2023-05-19 00:45:00,1812.63,1809.76,1812.64,1808.91,1586.87,1811.1002355914263
2023-05-19 01:00:00,1809.76,1810.59,1811.46,1809.32,919.8,1810.9868499044426
2023-05-19 01:15:00,1810.6,1809.1,1810.92,1807.9,2888.17,1810.5675499256774
2023-05-19 01:30:00,1809.1,1795.52,1809.1,1791.6,12493.88,1807.2236499421933
2023-05-19 01:45:00,1795.52,1778.44,1795.55,1771.12,26730.75,1800.8272832883727
2023-05-19 02:00:00,1778.44,1779.57,1783.48,1773.07,10635.72,1796.1034425576233
2023-05-19 02:15:00,1779.57,1782.48,1784.67,1775.87,5684.92,1793.0760108781515
2023-05-19 02:30:00,1782.49,1784.4,1788.71,1780.88,4169.61,1791.1480084607845
2023-05-19 02:45:00,1784.41,1785.71,1786.22,1783.02,3475.45,1789.9395621361657
2023-05-19 03:00:00,1785.7,1787.84,1788.81,1783.32,3087.48,1789.4729927725734
2023-05-19 03:15:00,1787.84,1788.84,1789.52,1786.43,2809.66,1789.3323277120016
2023-05-19 03:30:00,1788.83,1798.76,1798.91,1788.83,5498.2,1791.4273659982236
2023-05-19 03:45:00,1798.77,1795.2,1801.26,1794.45,5458.75,1792.2657291097296
2023-05-19 04:00:00,1795.2,1795.01,1798.42,1793.57,3060.06,1792.8755670853452
2023-05-19 04:15:00,1795.0,1796.19,1796.6,1794.59,1308.41,1793.6121077330463
2023-05-19 04:30:00,1796.19,1798.28,1800.19,1796.13,1770.73,1794.6494171257027
2023-05-19 04:45:00,1798.28,1796.75,1798.36,1796.74,1583.08,1795.1162133199912
2023-05-19 05:00:00,1796.74,1798.42,1798.84,1796.74,1393.77,1795.850388137771
2023-05-19 05:15:00,1798.43,1801.65,1804.02,1798.2,3300.93,1797.139190773822
2023-05-19 05:30:00,1801.64,1816.87,1821.36,1801.34,12229.76,1801.523815046306
2023-05-19 05:45:00,1816.87,1814.67,1818.3,1813.89,3361.58,1804.4451894804602
2023-05-19 06:00:00,1814.67,1813.59,1815.73,1811.42,4292.19,1806.4773695959134
2023-05-19 06:15:00,1813.6,1809.84,1813.6,1808.52,3241.74,1807.2246207968215
2023-05-19 06:30:00,1809.85,1808.43,1810.91,1807.8,1488.71,1807.492482841972
2023-05-19 06:45:00,1808.44,1808.76,1810.34,1808.4,1093.97,1807.774153321534
2023-05-19 07:00:00,1808.77,1806.76,1808.77,1806.26,1617.77,1807.5487859167486
2023-05-19 07:15:00,1806.75,1804.52,1807.58,1804.47,1829.3,1806.8757223796933
2023-05-19 07:30:00,1804.52,1804.13,1805.08,1800.99,4834.23,1806.2655618508725
2023-05-19 07:45:00,1804.14,1800.56,1805.17,1799.73,3038.29,1804.9976592173452
2023-05-19 08:00:00,1800.56,1802.0,1802.13,1798.43,3022.81,1804.3315127246017
2023-05-19 08:15:00,1802.01,1802.06,1803.98,1802.0,3747.58,1803.8267321191345
2023-05-19 08:30:00,1802.06,1802.51,1807.59,1801.33,2933.44,1803.534124981549
2023-05-19 08:45:00,1802.51,1804.15,1805.2,1799.81,1934.38,1803.6709860967603
2023-05-19 09:00:00,1804.15,1804.22,1806.87,1803.69,1332.93,1803.7929891863691
2023-05-19 09:15:00,1804.21,1802.06,1804.22,1799.9,2287.77,1803.407880478287
2023-05-19 09:30:00,1802.06,1798.81,1802.72,1798.57,2875.83,1802.38612926089
2023-05-19 09:45:00,1798.81,1799.3,1799.76,1796.81,1858.54,1801.7003227584698
2023-05-19 10:00:00,1799.29,1799.94,1802.0,1798.28,1320.97,1801.3091399232544
2023-05-19 10:15:00,1799.94,1800.92,1801.4,1799.13,1109.85,1801.2226643847534
2023-05-19 10:30:00,1800.92,1798.4,1801.69,1797.88,1564.92,1800.5954056325859
2023-05-19 10:45:00,1798.39,1800.26,1800.27,1797.28,937.02,1800.5208710475667
2023-05-19 11:00:00,1800.27,1799.79,1800.76,1797.92,1898.38,1800.3584552592185
2023-05-19 11:15:00,1799.79,1803.11,1803.2,1799.7,1507.02,1800.9699096460588
2023-05-19 11:30:00,1803.11,1802.0,1803.56,1802.0,1444.82,1801.1988186136011
2023-05-19 11:45:00,1802.0,1801.35,1802.34,1800.65,973.01,1801.2324144772454
2023-05-19 12:00:00,1801.35,1799.88,1801.84,1799.88,1021.05,1800.9318779267464
2023-05-19 12:15:00,1799.88,1799.73,1800.67,1799.13,1538.61,1800.6647939430252
2023-05-19 12:30:00,1799.73,1802.16,1802.3,1799.2,786.46,1800.9970619556864
2023-05-19 12:45:00,1802.16,1804.68,1804.68,1801.83,1807.41,1801.8154926322004
2023-05-19 13:00:00,1804.68,1803.44,1806.6,1803.28,4202.47,1802.1764942694892
2023-05-19 13:15:00,1803.45,1804.22,1805.11,1803.22,1001.75,1802.6306066540471
2023-05-19 13:30:00,1804.22,1805.76,1806.22,1804.01,964.53,1803.3260273975923
2023-05-19 13:45:00,1805.77,1805.4,1806.67,1804.88,1394.29,1803.7869101981273
2023-05-19 14:00:00,1805.41,1807.02,1807.96,1804.3,1701.09,1804.5053745985435
2023-05-19 14:15:00,1807.01,1806.04,1808.94,1805.2,2694.41,1804.8464024655336
2023-05-19 14:30:00,1806.04,1805.1,1807.69,1803.71,2710.39,1804.9027574731927
2023-05-19 14:45:00,1805.1,1807.32,1808.34,1805.09,2426.1,1805.4399224791498
2023-05-19 15:00:00,1807.32,1809.79,1810.5,1805.66,3556.76,1806.406606372672
2023-05-19 15:15:00,1809.78,1807.83,1810.53,1807.82,1877.76,1806.7229160676338
2023-05-19 15:30:00,1807.83,1806.92,1808.92,1805.98,1870.54,1806.7667124970485
2023-05-19 15:45:00,1806.93,1805.62,1807.07,1805.61,1621.98,1806.5118874977043
2023-05-19 16:00:00,1805.61,1807.16,1807.29,1805.26,1398.61,1806.6559124982145
2023-05-19 16:15:00,1807.17,1807.74,1809.27,1807.16,1978.05,1806.8968208319448
2023-05-19 16:30:00,1807.74,1808.98,1810.15,1807.73,1534.23,1807.359749535957
2023-05-19 16:45:00,1808.97,1808.34,1809.95,1807.47,1800.26,1807.577582972411
2023-05-19 17:00:00,1808.34,1808.86,1811.4,1808.33,2163.63,1807.8625645340974
2023-05-19 17:15:00,1808.85,1807.79,1810.0,1806.78,1922.02,1807.846439082076
2023-05-19 17:30:00,1807.79,1807.04,1808.17,1806.67,1328.55,1807.6672303971702
2023-05-19 17:45:00,1807.03,1807.58,1808.36,1807.03,944.05,1807.6478458644656
2023-05-19 18:00:00,1807.58,1808.74,1810.0,1807.57,2026.8,1807.8905467834732
2023-05-19 18:15:00,1808.73,1809.71,1811.87,1807.55,2641.77,1808.294869720479
2023-05-19 18:30:00,1809.7,1808.62,1810.51,1808.09,1920.41,1808.367120893706
2023-05-19 18:45:00,1808.63,1806.99,1808.91,1805.95,2006.34,1808.061094028438
2023-05-19 19:00:00,1807.0,1805.29,1809.36,1804.99,4278.49,1807.445295355452
2023-05-19 19:15:00,1805.29,1807.84,1808.54,1805.29,2844.77,1807.5330074986848
2023-05-19 19:30:00,1807.83,1806.62,1808.39,1806.31,1140.75,1807.3301169434214
2023-05-19 19:45:00,1806.61,1807.5,1808.73,1806.31,1516.47,1807.3678687337724
2023-05-19 20:00:00,1807.5,1814.84,1817.0,1807.5,5574.41,1809.0283423484898
2023-05-19 20:15:00,1814.85,1814.45,1818.28,1812.93,5899.88,1810.2331551599364
2023-05-19 20:30:00,1814.46,1815.03,1816.36,1813.85,3209.39,1811.2991206799504
2023-05-19 20:45:00,1815.04,1814.75,1815.96,1812.82,1918.6,1812.0659827510726
2023-05-19 21:00:00,1814.74,1815.49,1816.26,1814.74,2285.29,1812.8268754730566
2023-05-19 21:15:00,1815.49,1816.99,1818.8,1814.11,3283.74,1813.7520142568217
2023-05-19 21:30:00,1816.99,1816.06,1818.23,1812.73,4531.98,1814.2648999775279
2023-05-19 21:45:00,1816.06,1814.86,1816.6,1812.76,3412.99,1814.397144426966
2023-05-19 22:00:00,1814.87,1808.45,1815.25,1808.07,4783.74,1813.075556776529
2023-05-19 22:15:00,1808.44,1809.87,1812.05,1808.2,2436.43,1812.363210826189
2023-05-19 22:30:00,1809.87,1808.4,1811.98,1808.16,2659.99,1811.4824973092582
2023-05-19 22:45:00,1808.39,1811.14,1811.15,1807.23,3619.33,1811.4063867960897
2023-05-19 23:00:00,1811.15,1813.88,1815.58,1804.49,7479.3,1811.956078619181
2023-05-19 23:15:00,1813.88,1811.39,1829.54,1810.17,21515.32,1811.8302833704743
2023-05-19 23:30:00,1811.39,1817.94,1818.94,1800.81,14501.76,1813.1879981770355
2023-05-19 23:45:00,1817.93,1815.45,1820.39,1812.71,7108.19,1813.6906652488055
2023-05-20 00:00:00,1815.46,1815.9,1818.8,1813.72,5061.93,1814.1816285268487
2023-05-20 00:15:00,1815.91,1815.65,1818.0,1815.64,1961.72,1814.5079332986602
2023-05-20 00:30:00,1815.64,1815.2,1815.65,1811.25,3726.38,1814.661725898958
2023-05-20 00:45:00,1815.2,1812.21,1815.58,1812.21,1414.11,1814.1168979214117
2023-05-20 01:00:00,1812.21,1814.09,1815.2,1810.42,1851.92,1814.1109206055423
2023-05-20 01:15:00,1814.1,1817.04,1817.4,1813.69,2347.75,1814.761827137644
2023-05-20 01:30:00,1817.04,1817.66,1817.81,1816.21,2355.31,1815.405865551501
2023-05-20 01:45:00,1817.65,1818.93,1822.87,1817.0,5208.34,1816.1890065400564
2023-05-20 02:00:00,1818.92,1819.36,1822.2,1818.55,2935.98,1816.893671753377
2023-05-20 02:15:00,1819.35,1816.98,1819.49,1816.06,2497.66,1816.912855808182
2023-05-20 02:30:00,1816.98,1817.29,1817.71,1815.92,1701.24,1816.996665628586
2023-05-20 02:45:00,1817.29,1817.4,1817.72,1816.49,1214.55,1817.0862954889003
2023-05-20 03:00:00,1817.39,1814.31,1817.4,1814.01,1279.67,1816.4693409358115
2023-05-20 03:15:00,1814.31,1809.69,1814.31,1806.97,4313.65,1814.9628207278533
2023-05-20 03:30:00,1809.69,1809.5,1811.5,1808.66,2194.68,1813.748860566108
2023-05-20 03:45:00,1809.5,1811.44,1811.74,1808.87,1639.66,1813.2357804403064
2023-05-20 04:00:00,1811.44,1814.57,1814.71,1810.8,1329.89,1813.532273675794
2023-05-20 04:15:00,1814.58,1813.8,1815.82,1812.93,983.84,1813.5917684145063
2023-05-20 04:30:00,1813.79,1812.28,1813.8,1809.41,1959.17,1813.3002643223938
2023-05-20 04:45:00,1812.29,1812.08,1813.24,1811.66,925.29,1813.029094472973
2023-05-20 05:00:00,1812.08,1814.16,1814.17,1811.8,964.47,1813.2804068123123
2023-05-20 05:15:00,1814.17,1814.36,1814.37,1813.33,692.41,1813.5203164095763
2023-05-20 05:30:00,1814.36,1813.69,1815.05,1813.4,532.53,1813.558023874115
2023-05-20 05:45:00,1813.69,1813.82,1813.91,1812.35,471.14,1813.6162407909783
2023-05-20 06:00:00,1813.82,1812.64,1814.75,1812.44,1407.27,1813.399298392983
2023-05-20 06:15:00,1812.64,1813.55,1814.12,1812.63,717.05,1813.4327876389866
2023-05-20 06:30:00,1813.56,1812.52,1813.6,1812.36,1265.7,1813.229945941434
2023-05-20 06:45:00,1812.53,1812.34,1812.85,1812.33,310.6,1813.0321801766709
2023-05-20 07:00:00,1812.34,1812.33,1813.33,1812.0,489.08,1812.8761401374106
2023-05-20 07:15:00,1812.32,1813.21,1813.85,1812.32,457.24,1812.950331217986
2023-05-20 07:30:00,1813.21,1813.33,1814.0,1813.21,364.59,1813.0347020584336
2023-05-20 07:45:00,1813.33,1812.32,1814.16,1811.05,951.24,1812.8758793787815
2023-05-20 08:00:00,1812.31,1813.47,1813.48,1812.24,778.52,1813.0079061834967
2023-05-20 08:15:00,1813.47,1811.52,1813.7,1810.13,1252.94,1812.677260364942
2023-05-20 08:30:00,1811.53,1808.1,1811.68,1807.06,2765.32,1811.6600913949549
2023-05-20 08:45:00,1808.1,1808.33,1808.66,1807.06,1135.02,1810.920071084965
2023-05-20 09:00:00,1808.33,1808.86,1809.49,1808.0,955.06,1810.4622775105283
2023-05-20 09:15:00,1808.87,1810.17,1811.32,1808.86,1304.97,1810.3973269526332
2023-05-20 09:30:00,1810.16,1809.45,1810.38,1809.15,542.59,1810.1868098520479
2023-05-20 09:45:00,1809.45,1809.89,1809.9,1809.01,500.62,1810.1208521071485
2023-05-20 10:00:00,1809.9,1811.0,1811.96,1809.5,821.02,1810.31621830556
2023-05-20 10:15:00,1811.01,1809.71,1811.46,1809.32,486.38,1810.1815031265467
2023-05-20 10:30:00,1809.71,1808.68,1809.72,1808.21,690.13,1809.8478357650918
2023-05-20 10:45:00,1808.67,1808.74,1809.07,1807.95,848.93,1809.6016500395158
2023-05-20 11:00:00,1808.75,1810.45,1810.46,1808.2,1290.18,1809.7901722529568
2023-05-20 11:15:00,1810.45,1810.52,1811.67,1810.35,838.16,1809.9523561967442
2023-05-20 11:30:00,1810.52,1811.43,1811.57,1810.51,420.63,1810.2807214863565
2023-05-20 11:45:00,1811.43,1813.43,1813.49,1811.42,1291.55,1810.980561156055
2023-05-20 12:00:00,1813.43,1812.49,1813.94,1812.48,525.12,1811.315992010265
2023-05-20 12:15:00,1812.49,1812.01,1812.49,1811.55,1057.49,1811.470216007984
2023-05-20 12:30:00,1812.0,1812.66,1812.82,1811.55,809.8,1811.7346124506541
2023-05-20 12:45:00,1812.66,1813.4,1813.4,1812.19,457.59,1812.1046985727312
2023-05-20 13:00:00,1813.39,1811.24,1813.4,1810.01,2186.32,1811.9125433343465
2023-05-20 13:15:00,1811.25,1810.64,1811.3,1810.55,948.33,1811.6297559267139
2023-05-20 13:30:00,1810.64,1809.85,1811.17,1809.84,1142.52,1811.2342546096663
2023-05-20 13:45:00,1809.84,1810.6,1810.6,1809.46,462.35,1811.0933091408515
2023-05-20 14:00:00,1810.59,1809.1,1810.6,1808.53,1550.45,1810.6503515539955
2023-05-20 14:15:00,1809.11,1809.4,1809.4,1808.41,760.86,1810.3724956531078
2023-05-20 14:30:00,1809.4,1809.28,1809.92,1809.2,745.65,1810.129718841306
2023-05-20 14:45:00,1809.28,1809.92,1811.02,1809.07,1627.1,1810.0831146543492
2023-05-20 15:00:00,1809.91,1810.12,1810.2,1809.71,441.81,1810.091311397827
2023-05-20 15:15:00,1810.11,1810.56,1810.61,1809.23,633.88,1810.195464420532
2023-05-20 15:30:00,1810.56,1811.38,1811.6,1809.92,810.89,1810.458694549303
2023-05-20 15:45:00,1811.39,1811.19,1811.59,1811.18,875.18,1810.62120687168
2023-05-20 16:00:00,1811.18,1811.86,1812.0,1811.18,571.0,1810.896494233529
2023-05-20 16:15:00,1811.86,1812.99,1813.54,1811.86,1264.77,1811.3617177371893
2023-05-20 16:30:00,1812.99,1813.15,1813.94,1812.99,923.42,1811.7591137955917
2023-05-20 16:45:00,1813.15,1814.55,1814.78,1813.15,1085.29,1812.3793107299048
2023-05-20 17:00:00,1814.54,1814.66,1815.91,1813.43,1841.49,1812.8861305677037
2023-05-20 17:15:00,1814.65,1813.66,1815.15,1813.1,846.08,1813.0581015526586
2023-05-20 17:30:00,1813.66,1813.1,1814.15,1813.1,823.89,1813.0674123187343
2023-05-20 17:45:00,1813.11,1813.2,1813.49,1812.53,654.0,1813.0968762479047
2023-05-20 18:00:00,1813.2,1814.0,1814.25,1813.06,651.13,1813.297570415037
2023-05-20 18:15:00,1814.01,1814.48,1814.77,1813.54,614.96,1813.5603325450288
2023-05-20 18:30:00,1814.47,1813.78,1815.99,1813.78,2247.28,1813.6091475350222
2023-05-20 18:45:00,1813.78,1813.29,1813.79,1813.29,521.56,1813.538225860573
2023-05-20 19:00:00,1813.29,1812.48,1813.3,1811.63,1320.12,1813.3030645582235
2023-05-20 19:15:00,1812.48,1813.4,1814.7,1812.17,1438.28,1813.3246057675074
2023-05-20 19:30:00,1813.4,1813.13,1813.42,1812.63,846.77,1813.2813600413945
2023-05-20 19:45:00,1813.12,1813.39,1813.39,1812.61,1943.49,1813.305502254418
2023-05-20 20:00:00,1813.38,1814.63,1815.27,1813.38,2603.6,1813.5998350867696
2023-05-20 20:15:00,1814.64,1816.25,1817.6,1814.34,2690.17,1814.188760623043
2023-05-20 20:30:00,1816.25,1814.37,1816.25,1814.0,1432.68,1814.2290360401444
2023-05-20 20:45:00,1814.37,1813.52,1814.57,1813.31,1480.05,1814.0714724756676
2023-05-20 21:00:00,1813.52,1813.1,1815.46,1812.91,1265.81,1813.855589703297
2023-05-20 21:15:00,1813.1,1813.96,1815.28,1812.69,1489.8,1813.8787919914532
2023-05-20 21:30:00,1813.96,1815.03,1815.72,1813.81,1105.44,1814.1346159933526
2023-05-20 21:45:00,1815.03,1814.26,1815.49,1814.01,999.13,1814.162479105941
2023-05-20 22:00:00,1814.25,1816.45,1818.2,1814.25,2245.11,1814.6708170823986
2023-05-20 22:15:00,1816.45,1816.22,1818.04,1816.21,1743.56,1815.0150799529767
2023-05-20 22:30:00,1816.21,1816.35,1816.36,1815.16,631.53,1815.3117288523151
2023-05-20 22:45:00,1816.35,1819.2,1820.0,1816.25,3502.92,1816.1757891073562
2023-05-20 23:00:00,1819.2,1817.69,1820.0,1817.69,2005.78,1816.5122804168325
2023-05-20 23:15:00,1817.7,1819.34,1820.77,1817.11,2259.09,1817.1406625464253
2023-05-20 23:30:00,1819.35,1818.31,1820.0,1818.3,912.78,1817.4005153138864
2023-05-20 23:45:00,1818.31,1817.5,1819.12,1816.7,708.3,1817.4226230219117
2023-05-21 00:00:00,1817.5,1816.78,1818.17,1816.78,989.64,1817.2798179059314
2023-05-21 00:15:00,1816.79,1816.14,1817.0,1815.25,833.43,1817.0265250379466
2023-05-21 00:30:00,1816.13,1815.62,1816.34,1815.06,666.04,1816.713963918403
2023-05-21 00:45:00,1815.61,1815.88,1816.02,1815.55,480.57,1816.5286386032021
2023-05-21 01:00:00,1815.89,1814.56,1816.2,1814.56,952.07,1816.091163358046
2023-05-21 01:15:00,1814.56,1813.7,1814.57,1813.5,1149.23,1815.5597937229247
2023-05-21 01:30:00,1813.69,1819.81,1820.0,1813.69,3307.88,1816.5042840067192
2023-05-21 01:45:00,1819.82,1826.99,1827.57,1819.81,8313.88,1818.8344431163373
2023-05-21 02:00:00,1827.0,1827.6,1828.87,1824.22,5908.24,1820.78234464604
2023-05-21 02:15:00,1827.61,1826.24,1828.36,1824.2,1630.25,1821.99515694692
2023-05-21 02:30:00,1826.25,1824.21,1827.43,1824.1,2242.28,1822.4873442920489
2023-05-21 02:45:00,1824.2,1820.0,1825.53,1819.68,2010.96,1821.934601116038
2023-05-21 03:00:00,1819.99,1819.15,1820.71,1814.4,3670.94,1821.3158008680296
2023-05-21 03:15:00,1819.16,1819.81,1821.26,1818.0,1166.51,1820.981178452912
2023-05-21 03:30:00,1819.8,1821.36,1821.37,1819.8,924.72,1821.0653610189315
2023-05-21 03:45:00,1821.37,1821.33,1822.51,1820.42,969.28,1821.1241696813913
2023-05-21 04:00:00,1821.33,1819.93,1822.66,1819.63,1166.99,1820.858798641082
2023-05-21 04:15:00,1819.94,1818.47,1820.4,1818.46,900.03,1820.3279544986194
2023-05-21 04:30:00,1818.46,1817.83,1818.98,1816.96,1564.55,1819.7728534989262
2023-05-21 04:45:00,1817.83,1816.48,1817.84,1815.45,618.16,1819.0411082769426
2023-05-21 05:00:00,1816.48,1815.69,1816.49,1812.07,3834.46,1818.2964175487332
2023-05-21 05:15:00,1815.69,1817.14,1817.18,1813.71,1984.05,1818.039435871237
2023-05-21 05:30:00,1817.15,1816.44,1817.67,1816.44,556.06,1817.6840056776286
2023-05-21 05:45:00,1816.44,1817.26,1817.27,1815.76,516.94,1817.589782193711
2023-05-21 06:00:00,1817.26,1816.62,1817.3,1815.67,1064.95,1817.3742750395531
2023-05-21 06:15:00,1816.61,1816.98,1817.2,1816.09,591.81,1817.2866583640969
2023-05-21 06:30:00,1816.97,1817.28,1818.01,1816.23,1003.67,1817.2851787276309
2023-05-21 06:45:00,1817.28,1818.34,1818.69,1817.16,539.87,1817.519583454824
2023-05-21 07:00:00,1818.34,1817.48,1818.35,1817.21,575.58,1817.5107871315297
2023-05-21 07:15:00,1817.49,1817.86,1818.4,1817.48,405.22,1817.5883899911898
2023-05-21 07:30:00,1817.86,1818.77,1819.49,1817.86,797.5,1817.8509699931476
2023-05-21 07:45:00,1818.77,1819.42,1820.16,1818.34,792.0,1818.1996433280037
2023-05-21 08:00:00,1819.42,1817.66,1820.29,1816.78,2647.39,1818.0797225884473
2023-05-21 08:15:00,1817.67,1818.66,1819.07,1817.19,994.54,1818.208673124348
2023-05-21 08:30:00,1818.65,1823.14,1823.68,1818.65,1491.26,1819.3045235411596
2023-05-21 08:45:00,1823.15,1826.72,1828.98,1822.87,5496.12,1820.9524071986796
2023-05-21 09:00:00,1826.72,1825.0,1827.97,1822.57,1819.42,1821.8518722656395
2023-05-21 09:15:00,1824.99,1820.44,1825.06,1820.14,2294.39,1821.5381228732754
2023-05-21 09:30:00,1820.44,1819.95,1821.24,1819.8,818.89,1821.1852066792142
2023-05-21 09:45:00,1819.96,1817.72,1820.33,1817.36,1582.11,1820.4151607504998
2023-05-21 10:00:00,1817.72,1819.6,1819.92,1816.78,1862.61,1820.2340139170556
2023-05-21 10:15:00,1819.6,1818.34,1819.61,1817.03,958.56,1819.8131219354877
2023-05-21 10:30:00,1818.34,1818.29,1818.43,1817.9,425.01,1819.4746503942683
2023-05-21 10:45:00,1818.3,1818.85,1819.31,1817.91,826.4,1819.3358391955421
2023-05-21 11:00:00,1818.86,1818.17,1819.11,1817.91,1192.41,1819.0767638187551
2023-05-21 11:15:00,1818.16,1818.6,1818.73,1817.8,846.44,1818.970816303476
2023-05-21 11:30:00,1818.61,1818.9,1818.94,1818.28,417.32,1818.955079347148
2023-05-21 11:45:00,1818.9,1817.88,1819.35,1817.63,754.12,1818.7161728255596
2023-05-21 12:00:00,1817.87,1815.89,1818.13,1815.88,1163.48,1818.0881344198797
2023-05-21 12:15:00,1815.89,1816.76,1816.78,1815.64,1226.99,1817.7929934376843
2023-05-21 12:30:00,1816.76,1817.36,1817.54,1816.15,1359.87,1817.6967726737546
2023-05-21 12:45:00,1817.36,1817.17,1817.56,1816.37,1090.48,1817.579712079587
2023-05-21 13:00:00,1817.18,1816.13,1817.45,1815.91,1074.63,1817.2575538396786
2023-05-21 13:15:00,1816.14,1815.91,1816.44,1813.62,1601.55,1816.958097430861
2023-05-21 13:30:00,1815.91,1815.22,1816.53,1815.22,1344.75,1816.5718535573365
2023-05-21 13:45:00,1815.22,1815.13,1815.79,1815.04,892.0,1816.2514416557062
2023-05-21 14:00:00,1815.13,1814.59,1815.13,1813.51,1153.14,1815.8822323988825
2023-05-21 14:15:00,1814.59,1815.32,1815.32,1813.64,522.47,1815.7572918657975
2023-05-21 14:30:00,1815.31,1814.84,1815.32,1814.25,781.44,1815.5534492289537
2023-05-21 14:45:00,1814.83,1815.45,1815.82,1814.48,1172.59,1815.5304605114086
2023-05-21 15:00:00,1815.46,1815.22,1816.07,1814.09,1565.2,1815.4614692866512
2023-05-21 15:15:00,1815.23,1815.95,1815.96,1814.94,620.38,1815.5700316673954
2023-05-21 15:30:00,1815.96,1816.77,1817.48,1815.73,960.97,1815.8366912968631
2023-05-21 15:45:00,1816.77,1817.0,1817.41,1816.32,806.69,1816.0952043420048
2023-05-21 16:00:00,1816.99,1815.69,1817.0,1813.43,2408.37,1816.0051589326704
2023-05-21 16:15:00,1815.69,1815.32,1815.79,1814.52,742.71,1815.852901392077
2023-05-21 16:30:00,1815.33,1814.88,1815.59,1814.45,630.36,1815.6367010827266
2023-05-21 16:45:00,1814.89,1815.47,1816.06,1814.86,582.31,1815.5996563976762
2023-05-21 17:00:00,1815.46,1813.19,1815.47,1812.52,1742.37,1815.0641771981925
2023-05-21 17:15:00,1813.19,1815.34,1817.36,1812.8,1955.01,1815.1254711541499
2023-05-21 17:30:00,1815.34,1816.21,1816.39,1814.71,917.61,1815.3664775643388
2023-05-21 17:45:00,1816.22,1816.84,1817.02,1816.07,750.39,1815.6939269944858
2023-05-21 18:00:00,1816.83,1814.97,1817.05,1814.92,1150.62,1815.5330543290445
2023-05-21 18:15:00,1814.97,1814.64,1815.3,1814.63,789.37,1815.3345978114792
2023-05-21 18:30:00,1814.63,1812.66,1815.79,1812.1,1408.23,1814.7402427422614
2023-05-21 18:45:00,1812.67,1810.17,1812.67,1808.05,5792.8,1813.724633243981
2023-05-21 19:00:00,1810.16,1809.3,1810.39,1807.03,4593.79,1812.7413814119852
2023-05-21 19:15:00,1809.29,1810.34,1810.43,1806.54,3317.02,1812.2077410982108
2023-05-21 19:30:00,1810.33,1810.71,1813.45,1810.19,2099.87,1811.8749097430527
2023-05-21 19:45:00,1810.71,1809.48,1811.2,1807.85,3300.61,1811.3427075779298
2023-05-21 20:00:00,1809.49,1810.0,1811.76,1808.54,3669.11,1811.0443281161677
2023-05-21 20:15:00,1809.99,1809.96,1811.0,1808.76,2099.54,1810.803366312575
2023-05-21 20:30:00,1809.96,1812.41,1812.49,1809.69,1473.01,1811.1603960208918
2023-05-21 20:45:00,1812.41,1813.81,1815.23,1811.6,1991.52,1811.749196905138
2023-05-21 21:00:00,1813.81,1812.77,1813.92,1812.77,667.97,1811.9760420373295
2023-05-21 21:15:00,1812.77,1813.72,1813.73,1812.77,814.02,1812.3635882512563
2023-05-21 21:30:00,1813.73,1812.42,1813.77,1812.33,952.45,1812.3761241954217
2023-05-21 21:45:00,1812.41,1812.43,1813.93,1812.05,807.88,1812.388096596439
2023-05-21 22:00:00,1812.43,1813.08,1814.14,1812.42,1176.76,1812.5418529083413
2023-05-21 22:15:00,1813.08,1815.09,1816.57,1813.08,1898.24,1813.1081078175987
2023-05-21 22:30:00,1815.08,1815.5,1817.76,1814.86,1667.34,1813.6396394136877
2023-05-21 22:45:00,1815.5,1812.16,1816.13,1811.36,1526.61,1813.3108306550905
2023-05-21 23:00:00,1812.15,1813.8,1816.98,1811.48,1926.02,1813.4195349539593
2023-05-21 23:15:00,1813.81,1813.99,1814.08,1812.99,650.51,1813.5463049641908
2023-05-21 23:30:00,1813.99,1803.72,1814.0,1803.55,3940.26,1811.362681638815
2023-05-21 23:45:00,1803.73,1807.33,1809.55,1802.58,7345.12,1810.466530163523
2023-05-22 00:00:00,1807.34,1809.39,1809.89,1807.0,2132.41,1810.2273012382957
2023-05-22 00:15:00,1809.38,1808.31,1809.73,1806.63,1569.86,1809.801234296452
2023-05-22 00:30:00,1808.31,1807.38,1810.53,1806.42,1919.73,1809.2631822305739
2023-05-22 00:45:00,1807.37,1807.2,1807.46,1804.02,3201.3,1808.8046972904463
2023-05-22 01:00:00,1807.21,1807.76,1808.8,1805.6,1843.03,1808.5725423370136
2023-05-22 01:15:00,1807.77,1805.57,1807.77,1805.47,985.05,1807.905310706566
2023-05-22 01:30:00,1805.56,1805.82,1806.28,1802.37,2000.44,1807.4419083273292
2023-05-22 01:45:00,1805.83,1806.65,1807.48,1803.8,1983.7,1807.2659286990338
2023-05-22 02:00:00,1806.65,1806.98,1807.0,1805.56,1194.07,1807.2023889881375
2023-05-22 02:15:00,1806.98,1806.59,1807.47,1805.7,669.3,1807.066302546329
2023-05-22 02:30:00,1806.6,1808.23,1808.57,1806.25,884.23,1807.324901980478
2023-05-22 02:45:00,1808.24,1806.44,1808.61,1806.08,1343.28,1807.1282570959272
2023-05-22 03:00:00,1806.43,1807.37,1807.37,1805.84,1179.3,1807.1819777412768
2023-05-22 03:15:00,1807.36,1807.54,1807.8,1806.68,698.52,1807.2615382432152
2023-05-22 03:30:00,1807.55,1808.6,1808.86,1807.54,868.11,1807.5589741891674
2023-05-22 03:45:00,1808.59,1810.08,1810.18,1808.5,1045.73,1808.1192021471302
2023-05-22 04:00:00,1810.07,1810.22,1811.72,1809.81,1477.91,1808.5860461144346
2023-05-22 04:15:00,1810.21,1809.71,1810.32,1809.32,872.94,1808.8358136445602
2023-05-22 04:30:00,1809.72,1808.06,1809.85,1808.05,903.97,1808.6634106124357
2023-05-22 04:45:00,1808.05,1805.6,1809.6,1805.43,1405.88,1807.9826526985612
2023-05-22 05:00:00,1805.6,1803.59,1806.25,1797.21,10178.12,1807.0065076544365
2023-05-22 05:15:00,1803.59,1800.97,1803.6,1799.0,3166.77,1805.6650615090061
2023-05-22 05:30:00,1800.97,1803.1,1803.11,1800.01,1803.47,1805.095047840338
2023-05-22 05:45:00,1803.11,1803.32,1806.06,1803.1,1176.38,1804.7005927647074
2023-05-22 06:00:00,1803.33,1804.11,1806.06,1802.54,2289.39,1804.5693499281056
2023-05-22 06:15:00,1804.11,1804.42,1805.0,1803.23,1125.78,1804.5361610551931
2023-05-22 06:30:00,1804.43,1805.82,1806.44,1804.17,1120.68,1804.8214585984836
2023-05-22 06:45:00,1805.82,1804.99,1807.0,1804.88,1254.73,1804.858912243265
2023-05-22 07:00:00,1804.99,1807.61,1808.07,1804.96,1153.49,1805.4702650780948
2023-05-22 07:15:00,1807.61,1806.79,1807.87,1806.1,1280.93,1805.7635395051848
2023-05-22 07:30:00,1806.78,1806.1,1807.64,1805.48,852.99,1805.8383085040327
2023-05-22 07:45:00,1806.09,1804.91,1806.48,1802.64,1384.9,1805.6320177253588
2023-05-22 08:00:00,1804.91,1806.76,1806.76,1804.26,1511.23,1805.8826804530568
2023-05-22 08:15:00,1806.75,1803.17,1806.76,1801.84,1652.61,1805.2798625745995
2023-05-22 08:30:00,1803.16,1797.13,1803.17,1792.01,9042.59,1803.4687820024665
2023-05-22 08:45:00,1797.13,1798.86,1799.46,1794.64,2358.97,1802.4446082241407
2023-05-22 09:00:00,1798.85,1797.35,1801.72,1796.45,3178.22,1801.3124730632205
2023-05-22 09:15:00,1797.35,1799.9,1799.92,1795.4,2455.96,1800.9985901602827
2023-05-22 09:30:00,1799.91,1798.54,1800.27,1796.57,1938.2,1800.452236791331
2023-05-22 09:45:00,1798.54,1793.96,1798.88,1792.6,3880.72,1799.0095175043684
2023-05-22 10:00:00,1793.96,1796.72,1796.77,1792.03,3479.5,1798.500735836731
2023-05-22 10:15:00,1796.72,1799.64,1799.65,1796.12,1986.73,1798.753905650791
2023-05-22 10:30:00,1799.65,1802.2,1802.2,1799.64,1677.33,1799.5197043950595
2023-05-22 10:45:00,1802.19,1801.85,1803.78,1800.89,2088.7,1800.037547862824
2023-05-22 11:00:00,1801.85,1801.78,1802.14,1801.13,724.24,1800.4247594488631
2023-05-22 11:15:00,1801.79,1802.68,1802.85,1800.35,1462.71,1800.9259240157826
2023-05-22 11:30:00,1802.68,1802.74,1803.69,1801.75,1345.5,1801.3290520122755
2023-05-22 11:45:00,1802.74,1800.98,1802.75,1800.89,843.32,1801.2514848984365
2023-05-22 12:00:00,1800.98,1801.63,1802.6,1800.78,2461.63,1801.3355993654507
2023-05-22 12:15:00,1801.64,1803.79,1803.79,1801.63,904.21,1801.8810217286837
2023-05-22 12:30:00,1803.78,1804.42,1804.84,1803.19,1415.31,1802.4452391223094
2023-05-22 12:45:00,1804.41,1802.56,1804.42,1802.48,848.49,1802.4707415395742
2023-05-22 13:00:00,1802.56,1803.34,1803.95,1802.56,1224.98,1802.6639100863354
2023-05-22 13:15:00,1803.35,1803.46,1804.2,1802.95,1172.4,1802.8408189560384
2023-05-22 13:30:00,1803.46,1804.54,1804.96,1803.34,1552.85,1803.2184147435853
2023-05-22 13:45:00,1804.53,1803.99,1804.92,1803.05,1173.9,1803.3898781338999
2023-05-22 14:00:00,1803.99,1804.08,1804.77,1803.7,972.77,1803.5432385485888
2023-05-22 14:15:00,1804.09,1812.89,1815.0,1804.08,6264.54,1805.6202966489025
2023-05-22 14:30:00,1812.89,1810.82,1814.77,1810.6,2336.46,1806.7757862824797
2023-05-22 14:45:00,1810.82,1808.98,1811.07,1807.8,1247.1,1807.2656115530397
2023-05-22 15:00:00,1808.99,1809.74,1809.97,1808.15,1103.73,1807.815475652364
2023-05-22 15:15:00,1809.74,1810.13,1810.31,1808.45,1693.55,1808.3298143962832
2023-05-22 15:30:00,1810.14,1811.57,1811.57,1809.17,2022.21,1809.0498556415537
2023-05-22 15:45:00,1811.57,1811.19,1811.65,1810.63,1119.06,1809.525443276764
2023-05-22 16:00:00,1811.19,1815.62,1815.68,1810.7,4915.71,1810.8797892152609
2023-05-22 16:15:00,1815.63,1814.09,1817.4,1814.05,4396.51,1811.5931693896473
2023-05-22 16:30:00,1814.09,1813.42,1815.09,1812.96,1548.48,1811.9991317475035
2023-05-22 16:45:00,1813.43,1811.65,1814.2,1811.63,1763.33,1811.921546914725
2023-05-22 17:00:00,1811.65,1815.56,1815.6,1811.64,2217.75,1812.730092044786
2023-05-22 17:15:00,1815.55,1815.85,1817.79,1815.43,2701.94,1813.4234049237225
2023-05-22 17:30:00,1815.86,1815.46,1816.69,1815.28,1365.6,1813.8759816073398
2023-05-22 17:45:00,1815.45,1817.5,1818.96,1815.45,3352.83,1814.681319027931
2023-05-22 18:00:00,1817.5,1817.24,1820.17,1816.39,5501.68,1815.249914799502
2023-05-22 18:15:00,1817.23,1816.43,1817.43,1816.42,1951.42,1815.5121559551683
2023-05-22 18:30:00,1816.43,1816.77,1817.6,1814.73,1616.78,1815.79167685402
2023-05-22 18:45:00,1816.76,1817.17,1817.18,1815.6,1231.82,1816.0979708864597
2023-05-22 19:00:00,1817.18,1814.1,1817.45,1814.0,1313.67,1815.6539773561353
2023-05-22 19:15:00,1814.11,1814.2,1814.71,1813.23,1336.41,1815.3308712769942
2023-05-22 19:30:00,1814.19,1812.78,1814.27,1812.78,1020.66,1814.7640109932177
2023-05-22 19:45:00,1812.78,1814.32,1814.35,1812.78,1146.59,1814.6653418836138
2023-05-22 20:00:00,1814.32,1814.21,1816.03,1813.95,1996.2,1814.5641547983662
2023-05-22 20:15:00,1814.21,1815.24,1815.26,1812.88,1481.48,1814.7143426209514
2023-05-22 20:30:00,1815.24,1812.9,1816.38,1812.89,2075.16,1814.3111553718509
2023-05-22 20:45:00,1812.89,1810.39,1813.08,1809.5,3937.19,1813.4397875114396
2023-05-22 21:00:00,1810.4,1812.78,1812.8,1808.97,3068.63,1813.2931680644529
2023-05-22 21:15:00,1812.79,1812.8,1814.35,1812.74,1864.93,1813.1835751612412
2023-05-22 21:30:00,1812.79,1824.58,1828.27,1812.79,14082.45,1815.7161140142987
2023-05-22 21:45:00,1824.59,1822.09,1826.98,1821.45,6164.86,1817.1325331222324
2023-05-22 22:00:00,1822.09,1815.71,1824.4,1808.54,9971.39,1816.8164146506251
2023-05-22 22:15:00,1815.71,1818.27,1820.51,1815.24,5296.09,1817.139433617153
2023-05-22 22:30:00,1818.26,1817.75,1821.26,1815.95,3173.05,1817.2751150355632
2023-05-22 22:45:00,1817.75,1819.35,1819.35,1816.06,2860.95,1817.7362005832158
2023-05-22 23:00:00,1819.34,1816.37,1821.32,1816.21,3219.1,1817.4326004536122
