,Open_Time,Open,Close,High,Low,Volume,ema_8_1h,ema_18_1h,ema_38_1h,ema_8_4h,ema_18_4h,ema_38_4h,bb_u,bb_m,bb_l,c1,c2,c3,c4,signal,entry
0,2023-06-29 09:00:00,62.78,61.97,62.84,61.91,12133.238,61.97,61.97,61.97,62.6,62.6,62.6,,,,True,True,True,True,True,False
1,2023-06-29 10:00:00,61.97,64.72,67.23,61.91,119033.639,62.58111111111111,62.259473684210526,62.111025641025634,62.63777777777778,62.6178947368421,62.60871794871795,,,,True,True,True,False,False,False
2,2023-06-29 11:00:00,64.72,62.71,64.72,62.45,53064.168,62.60975308641975,62.3068975069252,62.141742274819194,62.67555555555556,62.63578947368421,62.6174358974359,,,,True,True,True,True,True,False
3,2023-06-29 12:00:00,62.69,62.6,63.29,62.35,13821.942,62.60758573388203,62.337750400933075,62.16524267098231,62.71333333333334,62.65368421052632,62.62615384615384,,,,True,True,True,True,True,False
4,2023-06-29 13:00:00,62.61,62.2,63.18,61.98,15178.086,62.51701112635269,62.323250358729595,62.167025098111424,62.751111111111115,62.671578947368424,62.63487179487179,,,,True,True,True,True,True,False
5,2023-06-29 14:00:00,62.2,62.39,62.73,61.71,6522.937,62.48878643160765,62.33027663675806,62.17845970846468,62.76438271604938,62.67995844875347,62.63942472057856,,,,True,True,True,True,True,False
6,2023-06-29 15:00:00,62.39,62.69,62.98,62.13,3426.627,62.53350055791706,62.36814225394142,62.204692543928026,62.77765432098766,62.688337950138504,62.643977646285336,,,,True,True,True,True,True,False
7,2023-06-29 16:00:00,62.72,63.28,63.32,62.67,8509.719,62.69938932282437,62.46412727984232,62.25983651603428,62.79092592592593,62.69671745152355,62.648530571992104,,,,True,True,True,False,False,False
8,2023-06-29 17:00:00,63.3,62.91,63.42,62.48,5582.655,62.746191695530065,62.51106125038523,62.29317823316072,62.8041975308642,62.70509695290859,62.65308349769887,,,,True,True,True,False,False,False
9,2023-06-29 18:00:00,62.9,63.09,63.46,62.69,5850.447,62.82259354096783,62.572002171397315,62.33404088787042,62.917297668038415,62.761278612042574,62.681120888754016,,,,True,True,True,False,False,False
10,2023-06-29 19:00:00,63.09,63.19,63.69,63.02,3844.328,62.90423942075276,62.637054574408126,62.377936226953985,63.03039780521262,62.81746027117656,62.70915827980916,,,,True,True,True,False,False,False
11,2023-06-29 20:00:00,63.23,62.99,63.45,62.95,5493.489,62.92329732725214,62.67420672447043,62.409324112751214,63.14349794238683,62.87364193031055,62.7371956708643,,,,True,True,True,True,True,False
12,2023-06-29 21:00:00,63.02,62.2,63.38,62.0,12137.756,62.76256458786278,62.62429022715775,62.39858954286654,63.256598079561044,62.92982358944453,62.765233061919446,,,,True,True,True,True,True,False
13,2023-06-29 22:00:00,62.21,61.71,62.33,61.43,16815.509,62.52866134611549,62.528049150614834,62.363277258616975,63.375675964029874,62.99482823182757,62.799012125228174,,,,True,True,True,True,True,False
14,2023-06-29 23:00:00,61.77,63.28,63.49,61.72,17626.256,62.69562549142316,62.60720187160275,62.410288681252,63.4947538484987,63.05983287421061,62.832791188536895,,,,True,True,True,False,False,False
15,2023-06-30 00:00:00,63.28,64.84,65.19,63.16,25875.171,63.17215315999579,62.842233253539305,62.53488926170061,63.61383173296754,63.12483751659365,62.866570251845616,,,,True,True,True,False,False,False
16,2023-06-30 01:00:00,64.85,65.22,66.77,64.85,38767.972,63.627230235552275,63.092524490008856,62.67258724828007,63.73290961743637,63.18984215897669,62.900349315154344,,,,True,True,True,False,False,False
17,2023-06-30 02:00:00,65.23,66.04,66.61,65.2,26706.666,64.16340129431843,63.40278507000792,62.8452750817016,64.03441463868991,63.34695157584572,62.980601247011336,,,,True,True,True,False,False,False
18,2023-06-30 03:00:00,66.08,65.0,66.37,64.97,13961.965,64.34931211780322,63.57091295737551,62.955773795460495,64.33591965994344,63.504060992714756,63.060853178868335,,,,True,True,True,False,False,False
19,2023-06-30 04:00:00,65.03,65.4,65.67,64.38,18564.096,64.58279831384695,63.763448435546515,63.08111872902662,64.63742468119698,63.6611704095838,63.141105110725334,,,,True,True,True,False,False,False
20,2023-06-30 05:00:00,65.4,65.84,66.39,65.32,13544.84,64.86217646632541,63.982032810752145,63.22259981984577,64.93892970245051,63.81827982645283,63.221357042582326,,,,True,True,True,False,False,False
21,2023-06-30 06:00:00,65.82,66.01,66.3,65.42,17004.281,65.11724836269754,64.19550304119929,63.36554341882803,64.96843360786993,63.86174614680934,63.25018579844665,,,,True,True,True,False,False,False
22,2023-06-30 07:00:00,66.01,67.95,69.8,65.99,47278.917,65.74674872654253,64.59071324738883,63.60064375632403,64.99793751328934,63.90521246716584,63.27901455431098,,,,True,True,True,False,False,False
23,2023-06-30 08:00:00,67.95,69.16,69.47,67.58,32664.196,66.50524900953307,65.07169080029527,63.88573894830741,65.02744141870875,63.94867878752234,63.307843310175315,,,,True,True,True,False,False,False
24,2023-06-30 09:00:00,69.16,69.2,70.0,68.4,29261.648,67.10408256297016,65.50624966342208,64.15826515608651,65.05694532412816,63.99214510787885,63.33667206603964,,,,True,True,True,False,False,False
25,2023-06-30 10:00:00,69.2,64.64,69.26,61.28,75869.27,66.5565086600879,65.41506548832503,64.18296950705644,65.3454483616766,64.15682549977677,63.42530447544939,,,,True,True,True,False,False,False
26,2023-06-30 11:00:00,64.7,64.9,65.67,63.97,31016.428,66.18839562451281,65.36084806850134,64.21974030156636,65.63395139922503,64.3215058916747,63.513936884859135,,,,True,True,True,False,False,False
27,2023-06-30 12:00:00,64.94,65.47,65.52,64.76,10890.864,66.02875215239885,65.3723377455012,64.28385618353731,65.92245443677346,64.48618628357262,63.60256929426888,,,,True,True,True,False,False,False
28,2023-06-30 13:00:00,65.43,67.63,67.9,65.2,18528.129,66.38458500742132,65.60998640386948,64.45545330233027,66.2109574743219,64.65086667547055,63.69120170367863,,,,True,True,True,False,False,False
29,2023-06-30 14:00:00,67.64,68.51,69.0,67.38,20673.833,66.85689945021659,65.91525099293585,64.66337877400564,66.45145983685957,64.80584386822133,63.77900681004172,68.93401371403014,64.59133333333334,60.24865295263653,True,True,True,False,False,False
30,2023-06-30 15:00:00,68.52,68.94,69.13,67.98,22436.861,67.31981068350179,66.23364562525839,64.882692683031,66.69196219939724,64.96082106097211,63.86681191640482,69.32346957593084,64.82366666666667,60.3238637574025,True,True,True,False,False,False
31,2023-06-30 16:00:00,68.92,70.25,70.44,68.65,25737.227,67.97096386494583,66.65641976996804,65.15793921210633,66.93246456193492,65.11579825372287,63.95461702276792,69.91074317771864,65.008,60.10525682228135,True,True,True,False,False,False
32,2023-06-30 17:00:00,70.23,69.86,70.55,69.19,16187.007,68.39074967273565,66.99363874155036,65.39907053456241,67.17296692447259,65.27077544647365,64.04242212913101,70.3692712491087,65.24633333333333,60.123395417557944,True,True,True,False,False,False
33,2023-06-30 18:00:00,69.85,71.45,71.45,69.43,12274.393,69.0705830787944,67.46272940033454,65.70937460971305,67.20002431755745,65.3336497768296,64.0888013326037,71.02713739675214,65.54133333333333,60.055529269914516,True,True,True,False,False,False
34,2023-06-30 19:00:00,71.45,70.44,71.7,70.22,12682.501,69.37489795017342,67.77612630556249,65.95197078357391,67.2270817106423,65.39652410718557,64.13518053607638,71.42877732796639,65.816,60.20322267203362,True,True,True,False,False,False
35,2023-06-30 20:00:00,70.44,70.54,70.9,70.15,21251.209,69.63380951680155,68.06706037866117,66.18725433313422,67.25413910372716,65.45939843754152,64.18155973954904,71.79893198667726,66.08766666666666,60.376401346656074,True,True,True,False,False,False
36,2023-06-30 21:00:00,70.54,69.15,70.7,69.03,20228.02,69.52629629084565,68.18105402301262,66.3391900083581,67.28119649681202,65.52227276789748,64.22793894302173,71.97258940312261,66.30300000000001,60.633410596877404,True,True,True,False,False,False
37,2023-06-30 22:00:00,69.15,68.58,69.33,68.11,17731.265,69.31600822621328,68.22304833637972,66.45410334126281,67.31835224698912,65.58616032663701,64.27565767452145,72.09146016092699,66.47966666666667,60.86787317240636,True,True,True,False,False,False
38,2023-06-30 23:00:00,68.57,67.97,68.8,67.83,12521.856,69.01689528705478,68.19641166939238,66.53184163145445,67.35550799716623,65.65004788537655,64.32337640602117,72.12332881785711,66.64833333333334,61.17333784880957,True,True,True,False,False,False
39,2023-07-01 00:00:00,67.97,67.66,68.16,67.28,7212.369,68.7153630010426,68.13994728314054,66.58969590676448,67.39266374734335,65.7139354441161,64.37109513752088,72.12335253837553,66.80066666666667,61.477980794957816,True,True,True,False,False,False
40,2023-07-01 01:00:00,67.69,67.05,67.87,66.45,14430.282,68.34528233414424,68.02521599017838,66.61330124487911,67.42981949752046,65.77782300285564,64.41881386902061,72.08052719711117,66.92933333333333,61.7781394695555,True,True,True,False,False,False
41,2023-07-01 02:00:00,67.05,67.53,67.53,67.05,3762.143,68.16410848211218,67.97308799121224,66.66031143744941,67.45371841432487,65.83261713435944,64.4629316399306,72.0225473702945,67.08066666666667,62.13878596303884,True,True,True,False,False,False
42,2023-07-01 03:00:00,67.53,67.8,67.97,67.43,6163.932,68.08319548608725,67.95486820266359,66.7187570047597,67.4776173311293,65.88741126586324,64.5070494108406,71.8690371723719,67.26733333333333,62.66562949429474,True,True,True,False,False,False
43,2023-07-01 04:00:00,67.78,67.95,67.99,67.46,4253.126,68.05359648917897,67.95435576027795,66.78189767118228,67.50151624793371,65.94220539736703,64.55116718175059,71.59199454790466,67.47533333333334,63.35867211876202,True,True,True,False,False,False
44,2023-07-01 05:00:00,67.96,67.49,68.13,67.27,7547.705,67.92835282491697,67.90547620656447,66.81821061112164,67.52541516473812,65.99699952887083,64.59528495266058,71.42635928379318,67.61566666666667,63.804974049540164,True,True,True,False,False,False
45,2023-07-01 06:00:00,67.5,67.46,67.78,67.31,2855.555,67.82427441937986,67.85858397429453,66.85112288747438,67.50511432225267,66.02760480442686,64.62816591480595,71.37272169698652,67.703,64.03327830301349,False,True,True,False,False,False
46,2023-07-01 07:00:00,67.44,67.28,67.73,67.07,5464.175,67.70332454840656,67.797680398053,66.87311658555261,67.48481347976721,66.0582100799829,64.66104687695133,71.32832458605614,67.77166666666668,64.21500874727721,False,True,True,False,False,False
47,2023-07-01 08:00:00,67.27,67.86,67.94,67.26,5441.833,67.73814131542733,67.80424035615269,66.9237259914217,67.46451263728177,66.08881535553893,64.69392783909672,71.330377294686,67.83233333333334,64.33428937198067,False,True,True,False,False,False
48,2023-07-01 09:00:00,67.88,67.79,68.39,67.74,8067.256,67.74966546755459,67.80274137129452,66.96815029955393,67.44421179479632,66.11942063109495,64.72680880124209,71.26184941385142,67.92533333333333,64.58881725281523,False,True,True,False,False,False
49,2023-07-01 10:00:00,67.81,67.58,68.01,67.54,6488.457,67.71196203032024,67.77929491115825,66.99952720726911,67.46397780619652,66.16364640396088,64.76620868840564,71.2037465069258,67.998,64.79225349307421,False,True,True,False,False,False
50,2023-07-01 11:00:00,67.58,67.48,67.77,67.14,5871.504,67.6604149124713,67.7477901836679,67.02416683766556,67.48374381759672,66.2078721768268,64.80560857556921,71.16388907737426,68.05266666666667,64.94144425595907,False,True,True,False,False,False
51,2023-07-01 12:00:00,67.5,67.16,67.55,66.85,4668.124,67.54921159858878,67.6859175327555,67.0311326408622,67.50350982899693,66.25209794969271,64.84500846273278,71.12806151841988,68.091,65.0539384815801,False,True,True,False,False,False
52,2023-07-01 13:00:00,67.13,67.27,67.31,66.84,5788.208,67.48716457668016,67.64213673983386,67.04338224902311,67.52327584039713,66.29632372255864,64.88440834989633,71.1193837899612,68.06833333333333,65.01728287670545,False,True,True,False,False,False
53,2023-07-01 14:00:00,67.27,66.99,67.27,66.8,2939.137,67.37668355964013,67.57349076721977,67.04064469779115,67.5575382937084,66.34484151933341,64.92614670438485,71.04298583302695,67.996,64.94901416697304,False,True,True,False,False,False
54,2023-07-01 15:00:00,67.03,67.74,67.9,67.03,6955.378,67.45742054638677,67.59101805488083,67.0765090722634,67.59180074701968,66.39335931610819,64.96788505887335,70.96231341434368,67.94733333333333,64.93235325232298,False,True,True,False,False,False
55,2023-07-01 16:00:00,67.76,67.8,68.18,67.73,3419.549,67.53354931385638,67.61301615436706,67.11361117112169,67.62606320033095,66.44187711288296,65.00962341336185,70.80769084482237,68.05266666666667,65.29764248851096,False,True,True,False,False,False
56,2023-07-01 17:00:00,67.79,67.88,68.0,67.52,3942.239,67.61053835522162,67.64111971706527,67.15291316234622,67.66032565364222,66.49039490965774,65.05136176785037,70.64788140743913,68.152,65.65611859256087,False,True,True,False,False,False
57,2023-07-01 18:00:00,67.9,67.72,67.92,67.66,825.587,67.63486316517238,67.64942290474261,67.18199453863616,67.65864089510654,66.52038451729833,65.0844212323651,70.52324127652133,68.227,65.93075872347868,False,True,True,False,False,False
58,2023-07-01 19:00:00,67.7,67.86,68.13,67.65,2796.136,67.68489357291185,67.6715889147697,67.21676404947533,67.65695613657086,66.55037412493891,65.11748069687985,70.52441036896667,68.23466666666667,65.94492296436667,True,True,True,False,False,False
59,2023-07-01 20:00:00,67.86,68.14,68.32,67.8,2770.136,67.78602833448699,67.72089534479395,67.26410948283556,67.65527137803517,66.58036373257949,65.15054016139459,70.50999696439652,68.22233333333334,65.93466970227016,True,True,True,False,False,False
60,2023-07-01 21:00:00,68.15,67.87,68.17,67.35,7740.112,67.80468870460099,67.73659057165774,67.2951807914081,67.65358661949949,66.61035334022007,65.18359962590932,70.46179206003642,68.18666666666667,65.91154127329692,True,True,True,False,False,False
61,2023-07-01 22:00:00,67.86,68.72,68.77,67.85,6424.928,68.00809121468967,67.84010735358851,67.36824844313077,67.68283180730508,66.65165983126691,65.22201501532075,70.28882052915672,68.13566666666667,65.98251280417661,True,True,True,False,False,False
62,2023-07-01 23:00:00,68.71,68.25,68.89,67.84,7286.058,68.06184872253641,67.88325394794761,67.41346647168817,67.71207699511066,66.69296632231375,65.26043040473216,70.13866007562432,68.08200000000001,66.0253399243757,True,True,True,False,False,False
63,2023-07-02 00:00:00,68.27,67.63,68.3,67.35,4717.549,67.96588233975055,67.85659563763733,67.42457075519134,67.74132218291624,66.73427281336059,65.29884579414357,69.59166989071842,67.95466666666667,66.31766344261491,True,True,True,False,False,False
64,2023-07-02 01:00:00,67.64,67.85,67.98,67.28,3320.12,67.94013070869488,67.8559013599913,67.44638763954049,67.77056737072182,66.77557930440743,65.337261183555,69.22031048632907,67.86833333333333,66.51635618033758,True,True,True,False,False,False
65,2023-07-02 02:00:00,67.83,67.84,68.07,67.63,2873.896,67.91787944009602,67.8542275326238,67.46657288879481,68.00553585012617,66.9130640595546,65.42268091197096,68.69694218492495,67.77833333333334,66.85972448174172,True,True,True,False,False,False
66,2023-07-02 03:00:00,67.83,67.9,68.3,67.81,1270.828,67.91390623118579,67.85904568708445,67.48879992013867,68.24050432953051,67.05054881470178,65.50810064038691,68.50348404315805,67.73666666666666,66.96984929017528,True,True,True,False,False,False
67,2023-07-02 04:00:00,67.91,68.18,68.45,67.81,3589.52,67.97303817981117,67.89283035160187,67.52424607808028,68.47547280893485,67.18803356984895,65.59352036880288,68.44352466593585,67.72333333333333,67.0031420007308,True,True,True,False,False,False
68,2023-07-02 05:00:00,68.16,68.03,68.45,67.87,4502.466,67.98569636207536,67.90726926195957,67.55018217664026,68.7104412883392,67.32551832499612,65.67894009721884,68.44858033278959,67.72533333333334,67.00208633387709,True,True,True,False,False,False
69,2023-07-02 06:00:00,68.08,68.6,68.96,68.01,6229.469,68.12220828161416,67.98018828701646,67.6040189880946,68.79430566120925,67.40168889539096,65.73715881392116,68.54444554145057,67.75666666666666,66.96888779188275,True,True,True,False,False,False
70,2023-07-02 07:00:00,68.59,72.86,73.14,68.41,53354.784,69.1750508856999,68.49385267785684,67.87355647588461,68.87817003407929,67.4778594657858,65.79537753062348,69.9192212315022,67.95033333333333,65.98144543516446,True,True,True,False,False,False
71,2023-07-02 08:00:00,72.84,72.0,73.41,71.68,36738.396,69.80281735554436,68.8629208170298,68.08516896430079,68.96203440694933,67.55403003618065,65.85359624732581,70.53875913097968,68.09933333333333,65.65990753568698,True,True,True,False,False,False
72,2023-07-02 09:00:00,72.01,71.11,72.18,70.78,15325.095,70.09330238764562,69.09945546786878,68.24028850459305,69.04589877981938,67.63020060657549,65.91181496402812,70.87400640142695,68.20966666666666,65.54532693190637,True,True,True,False,False,False
73,2023-07-02 10:00:00,71.13,70.76,71.42,69.96,17086.437,70.24145741261327,69.27424962914574,68.36950447871648,69.08001551427387,67.68361638008666,65.95986861833546,71.11791125708837,68.30333333333333,65.48875540957829,True,True,True,False,False,False
74,2023-07-02 11:00:00,70.74,70.92,71.51,70.5,14605.072,70.39224465425477,69.4474865102883,68.50029912083359,69.11413224872834,67.73703215359782,66.00792227264279,71.36627394619529,68.41766666666666,65.46905938713803,True,True,True,False,False,False
75,2023-07-02 12:00:00,70.94,70.22,71.38,69.76,17340.29,70.35396806442037,69.52880371973164,68.58848890950878,69.14824898318281,67.790447927109,66.05597592695011,71.5048738752288,68.50966666666666,65.51445945810453,True,True,True,False,False,False
76,2023-07-02 13:00:00,70.26,69.94,70.59,69.8,7458.344,70.26197516121584,69.57208753870727,68.65779717055962,69.1823657176373,67.84386370062018,66.10402958125745,71.60016425610185,68.59833333333333,65.59650241056481,True,True,True,False,False,False
77,2023-07-02 14:00:00,69.96,68.69,70.14,68.59,13293.106,69.91264734761232,69.47923621884334,68.65944859771041,69.26612317776856,67.91876202428807,66.16282407380544,71.61537496254101,68.626,65.636625037459,True,True,True,False,False,False
78,2023-07-02 15:00:00,68.69,69.29,69.3,68.22,5943.088,69.77428127036514,69.45931661685984,68.69178456705859,69.34988063789982,67.99366034795595,66.22161856635341,71.65793941364795,68.676,65.69406058635205,True,True,True,False,False,False
79,2023-07-02 16:00:00,69.3,69.66,69.69,69.17,4644.068,69.74888543250621,69.48044118350617,68.74143664054276,69.43363809803108,68.06855867162383,66.28041305890139,71.71882839619946,68.74533333333332,65.77183827046719,True,True,True,False,False,False
80,2023-07-02 17:00:00,69.68,69.39,69.74,69.08,3541.681,69.6691331141715,69.47092105892658,68.7746963000021,69.51739555816235,68.14345699529173,66.33920755144938,71.75304415727761,68.809,65.86495584272238,True,True,True,False,False,False
81,2023-07-02 18:00:00,69.37,69.24,69.64,69.08,4678.458,69.57377019991117,69.44661357903958,68.79855802820713,69.6330958049311,68.23441865331037,66.40665360848207,71.76110553306677,68.87833333333333,65.99556113359989,True,True,True,False,False,False
82,2023-07-02 19:00:00,69.21,70.1,70.43,69.21,6283.572,69.69071015548647,69.5153910970354,68.86529864214522,69.74879605169986,68.32538031132901,66.47409966551479,71.82378543343572,68.97266666666665,66.12154789989759,True,True,True,False,False,False
83,2023-07-02 20:00:00,70.12,70.69,71.07,69.56,12557.289,69.91277456537837,69.63903413945273,68.95887307075316,69.86449629846862,68.41634196934764,66.54154572254748,71.91329231710175,69.096,66.27870768289826,True,True,True,False,False,False
84,2023-07-02 21:00:00,70.7,70.8,71.65,70.55,15402.688,70.10993577307207,69.76124107214191,69.05328983635556,69.98019654523738,68.50730362736628,66.60899177958018,72.03304920592228,69.19800000000001,66.36295079407773,True,True,True,False,False,False
85,2023-07-02 22:00:00,70.78,71.1,71.39,70.4,10565.52,70.32995004572271,69.90216306454803,69.15824933192707,69.9868522927242,68.54921668980401,66.65374829522659,72.17346052145211,69.308,66.4425394785479,True,True,True,False,False,False
86,2023-07-02 23:00:00,71.1,71.38,71.5,70.98,9906.431,70.56329448000655,70.05772484722719,69.27218526362311,69.993508040211,68.59112975224174,66.698504810873,72.33275072475189,69.42466666666665,66.51658260858142,True,True,True,False,False,False
87,2023-07-03 00:00:00,71.38,71.6,71.97,71.38,9280.965,70.79367348444953,70.22006960015065,69.39156037830911,70.00016378769782,68.63304281467947,66.7432613265194,72.49228793687763,69.554,66.61571206312237,True,True,True,False,False,False
88,2023-07-03 01:00:00,71.59,70.59,71.78,70.52,12272.244,70.74841271012741,70.25900964224006,69.4530188204471,70.00681953518463,68.6749558771172,66.78801784216581,72.53652209052613,69.645,66.75347790947386,True,True,True,False,False,False
89,2023-07-03 02:00:00,70.61,70.05,70.61,69.94,7219.738,70.59320988565466,70.23700862726743,69.48363323991134,70.02699622767437,68.71956230140358,66.83394069034318,72.54848231013536,69.70866666666666,66.86885102319796,True,True,True,False,False,False
90,2023-07-03 03:00:00,70.06,69.32,70.12,68.71,17004.035,70.31027435550918,70.14048140334454,69.47524179171076,70.04717292016412,68.76416872568998,66.87986353852054,72.51826613470476,69.757,66.99573386529525,True,True,True,False,False,False
91,2023-07-03 04:00:00,69.31,70.1,70.26,69.15,5317.073,70.26354672095158,70.13622020299249,69.50728067418713,70.06734961265386,68.80877514997637,66.9257863866979,72.53949971070114,69.80300000000001,67.06650028929889,True,True,True,False,False,False
92,2023-07-03 05:00:00,70.1,70.42,70.55,69.88,6337.681,70.29831411629567,70.16609176057223,69.55408679345958,70.0875263051436,68.85338157426276,66.97170923487526,72.55799734923673,69.87533333333333,67.19266931742993,True,True,True,False,False,False
93,2023-07-03 06:00:00,70.43,69.76,70.54,69.68,4486.836,70.17868875711886,70.12334525945937,69.56464644507702,70.19099706596896,68.93487153283479,67.03553347545379,72.49703772406339,69.94633333333333,67.39562894260327,True,True,True,False,False,False
94,2023-07-03 07:00:00,69.74,70.34,70.48,69.52,9447.19,70.21453569998134,70.14615102162155,69.6044081658423,70.29446782679432,69.01636149140683,67.0993577160323,72.4610511532204,70.02933333333334,67.59761551344629,True,True,True,False,False,False
95,2023-07-03 08:00:00,70.31,70.37,70.5,70.14,3823.75,70.24908332220771,70.16971407197718,69.6436692855427,70.39793858761966,69.09785144997885,67.16318195661083,72.40739424905803,70.11366666666666,67.81993908427529,True,True,True,False,False,False
96,2023-07-03 09:00:00,70.36,70.13,70.51,69.53,8804.829,70.2226203617171,70.165533643348,69.66860932218152,70.50140934844502,69.17934140855088,67.22700619718935,72.3294350328695,70.188,68.04656496713051,True,True,True,False,False,False
97,2023-07-03 10:00:00,70.19,69.89,70.39,69.65,4745.111,70.14870472577998,70.13653010194295,69.67996269027478,70.71077549575364,69.31330610832586,67.31730098953308,72.25671071478996,70.24499999999999,68.23328928521002,True,True,True,False,False,False
98,2023-07-03 11:00:00,69.9,70.0,70.27,69.71,6880.922,70.1156592311622,70.12215851226475,69.69637486000427,70.92014164306224,69.44727080810082,67.40759578187681,72.15011537635019,70.31066666666666,68.47121795698314,False,True,True,False,False,False
99,2023-07-03 12:00:00,70.02,71.95,72.25,70.01,35434.162,70.52329051312616,70.31456287939477,69.81194538000405,71.12950779037085,69.5812355078758,67.49789057422053,72.23942759493794,70.42233333333334,68.60523907172875,True,True,True,False,False,False
100,2023-07-03 13:00:00,71.95,71.75,72.1,71.01,19773.428,70.79589262132035,70.465661523669,69.9113327964141,71.33887393767947,69.71520020765078,67.58818536656426,72.04035182936987,70.38533333333334,68.7303148372968,True,True,True,False,False,False
101,2023-07-03 14:00:00,71.75,72.76,73.55,71.53,16045.848,71.2323609276936,70.70717083696701,70.05741829403388,71.42838094114171,69.80032651797576,67.65692657981344,72.18288887495669,70.41066666666666,68.63844445837663,True,True,True,False,False,False
102,2023-07-03 15:00:00,72.82,74.41,74.47,72.46,23301.854,71.93850294376169,71.09694232781258,70.28062761228855,71.51788794460397,69.88545282830074,67.72566779306261,72.79218265580029,70.52066666666666,68.24915067753302,True,True,True,False,False,False
103,2023-07-03 16:00:00,74.42,74.27,74.71,73.74,13531.677,72.45661340070353,71.43094839856916,70.48521081165836,71.60739494806623,69.97057913862572,67.79440900631178,73.27806907707493,70.63766666666668,67.99726425625842,True,True,True,False,False,False
104,2023-07-03 17:00:00,74.25,73.77,74.26,73.43,5203.059,72.74847708943608,71.67716435661451,70.65366153926561,71.69690195152847,70.0557054489507,67.86315021956096,73.60202168517225,70.73266666666667,67.8633116481611,True,True,True,False,False,False
105,2023-07-03 18:00:00,73.75,73.22,73.85,72.69,7978.098,72.85325995845028,71.83956810854983,70.78526863981608,71.757629620888,70.12766056871516,67.92631496033582,73.82984281912915,70.83266666666667,67.83549051420418,True,True,True,False,False,False
106,2023-07-03 19:00:00,73.21,72.88,73.21,72.57,4426.283,72.85920218990577,71.94908725501826,70.89269076085115,71.81835729024753,70.19961568847961,67.98947970111068,73.99616470486913,70.93066666666667,67.8651686284642,True,True,True,False,False,False
107,2023-07-03 20:00:00,72.84,72.95,73.06,72.28,5754.327,72.87937948103783,72.05444649133211,70.99819379875622,71.87908495960707,70.27157080824406,68.05264444188555,74.10431718888881,71.07266666666666,68.04101614444451,True,True,True,False,False,False
108,2023-07-03 21:00:00,72.97,72.18,73.07,72.11,7881.355,72.72396181858498,72.06766265013927,71.05879924497384,71.93981262896659,70.34352592800852,68.1158091826604,74.15120656561564,71.16900000000001,68.18679343438438,True,True,True,False,False,False
109,2023-07-03 22:00:00,72.21,72.0,72.48,71.58,6075.662,72.56308141445498,72.06054026591409,71.1070659503598,72.05704526069067,70.44106471937671,68.19188855211347,74.1893942631811,71.247,68.3046057368189,True,True,True,False,False,False
110,2023-07-03 23:00:00,72.01,72.04,72.15,71.79,2330.935,72.44684110013165,72.05837813265997,71.15490872213621,72.17427789241475,70.5386035107449,68.26796792156654,74.20770625867281,71.33533333333334,68.46296040799386,True,True,True,False,False,False
111,2023-07-04 00:00:00,72.03,72.79,72.85,71.69,3813.943,72.52309863343572,72.13539096080103,71.23875955689846,72.29151052413883,70.63614230211311,68.34404729101962,74.26280643218624,71.45366666666668,68.64452690114712,True,True,True,False,False,False
112,2023-07-04 01:00:00,72.81,73.13,73.95,72.53,22162.506,72.65796560378334,72.24008664913777,71.33574624628828,72.40874315586291,70.73368109348131,68.42012666047269,74.37970110106862,71.55466666666668,68.72963223226473,True,True,True,False,False,False
113,2023-07-04 02:00:00,73.11,76.44,76.91,72.2,48313.729,73.49841769183149,72.68218279133379,71.59750284904273,72.74270186942607,70.93595264365285,68.5483301648256,75.05032882700814,71.74633333333334,68.44233783965853,True,True,True,False,False,False
114,2023-07-04 03:00:00,76.47,74.83,76.47,74.15,29591.33,73.7943248714245,72.90826881329865,71.7632719337072,73.07666058298925,71.1382241938244,68.67653366917851,75.34370938787156,71.88066666666667,68.41762394546178,True,True,True,False,False,False
115,2023-07-04 04:00:00,74.79,74.05,75.7,73.9,18492.275,73.8511415666635,73.02845104347774,71.88054003967093,73.41061929655243,71.34049574399594,68.80473717353142,75.51456162441009,71.979,68.4434383755899,True,True,True,False,False,False
116,2023-07-04 05:00:00,74.01,73.68,74.31,73.44,9319.2,73.81311010740495,73.09703514416431,71.97282003763652,73.74457801011559,71.54276729416749,68.93294067788433,75.63541966869865,72.05566666666667,68.47591366463469,True,True,True,False,False,False
117,2023-07-04 06:00:00,73.69,74.83,75.08,73.36,13810.135,74.03908563909275,73.27945249741016,72.1193420869885,73.96821256510917,71.70664183905782,69.04623631021914,75.87370198827276,72.16333333333334,68.45296467839393,True,True,True,False,False,False
118,2023-07-04 07:00:00,74.83,77.19,78.47,74.68,53784.235,74.73928883040547,73.69108907663015,72.37937582611728,74.19184712010275,71.87051638394814,69.15953194255397,76.45913618539701,72.38333333333334,68.30753048126967,True,True,True,False,False,False
119,2023-07-04 08:00:00,77.2,78.42,78.99,76.9,29515.378,75.55722464587092,74.18886917382697,72.68915142477792,74.41548167509632,72.03439092883848,69.27282757488878,77.18270111581417,72.66233333333335,68.14196555085253,True,True,True,False,False,False
120,2023-07-04 09:00:00,78.4,78.49,79.88,78.0,49233.485,76.20895250234405,74.64161978710834,72.98663083889187,74.6391162300899,72.19826547372881,69.38612320722359,77.77411388407188,72.968,68.16188611592813,True,True,True,False,False,False
121,2023-07-04 10:00:00,78.49,77.9,78.93,77.53,24365.182,76.58474083515648,74.98460717793904,73.23859848817946,74.76694310619601,72.32304796126226,69.48296778148995,78.22548843587144,73.22800000000001,68.23051156412858,True,True,True,False,False,False
122,2023-07-04 11:00:00,77.9,77.94,78.83,77.6,16993.664,76.88590953845504,75.29570115920862,73.47969600160616,74.89476998230214,72.44783044879571,69.57981235575632,78.63934810315264,73.47866666666667,68.3179852301807,True,True,True,False,False,False
123,2023-07-04 12:00:00,77.93,77.77,78.2,77.08,12225.735,77.08237408546503,75.5561536687656,73.69971159126737,75.02259685840825,72.57261293632916,69.67665693002269,78.93788053831055,73.74566666666668,68.5534527950228,True,True,True,False,False,False
124,2023-07-04 13:00:00,77.7,78.15,81.5,77.57,52361.106,77.31962428869502,75.82919012468501,73.92793150966392,75.15042373451436,72.69739542386262,69.77350150428904,79.27173223778065,74.00600000000001,68.74026776221937,True,True,True,False,False,False
125,2023-07-04 14:00:00,78.15,77.68,78.69,77.52,18867.339,77.39970778009614,76.02401221682344,74.1203452783991,75.25762241593023,72.81272712323465,69.86717456192636,79.49633032613237,74.24966666666667,69.00300300720097,True,True,True,False,False,False
126,2023-07-04 15:00:00,77.63,76.63,78.16,76.21,18104.795,77.22866160674144,76.08780040452623,74.24904552053248,75.3648210973461,72.92805882260669,69.96084761956368,79.54887989539827,74.46633333333334,69.3837867712684,True,True,True,False,False,False
127,2023-07-04 16:00:00,76.66,76.94,77.39,75.21,23850.453,77.16451458302112,76.17750562510241,74.38704318614619,75.47201977876196,73.04339052197872,70.054520677201,79.56290436427506,74.70133333333335,69.83976230239165,True,True,True,False,False,False
128,2023-07-04 17:00:00,76.9,78.93,78.94,76.83,24735.274,77.5568446756831,76.46724187509164,74.62001533044638,75.57921846017783,73.15872222135076,70.14819373483832,79.76530492799921,74.99900000000001,70.23269507200081,True,True,True,False,False,False
129,2023-07-04 18:00:00,78.91,78.19,78.91,77.74,11860.688,77.69754585886463,76.64858483560832,74.80309146734656,75.7448174346124,73.30086111026259,70.25603740490449,79.96754100567043,75.20700000000001,70.44645899432959,True,True,True,False,False,False
130,2023-07-04 19:00:00,78.19,77.67,78.22,77.6,4733.553,77.6914245568947,76.75610222133375,74.95011241773904,75.91041640904696,73.4429999991744,70.36388107497066,80.06506198404436,75.40433333333334,70.74360468262232,True,True,True,False,False,False
131,2023-07-04 20:00:00,77.67,77.08,77.7,76.84,5493.471,77.55555243314032,76.79019672435125,75.05933742195754,76.07601538348152,73.58513888808622,70.47172474503685,80.13979231230273,75.54833333333335,70.95687435436396,True,True,True,False,False,False
132,2023-07-04 21:00:00,77.08,78.08,78.8,77.0,19510.742,77.67209633688691,76.92596549020901,75.21424319519048,76.24161435791609,73.72727777699805,70.57956841510303,80.32936157213379,75.67066666666666,71.01197176119953,True,True,True,False,False,False
133,2023-07-04 22:00:00,78.05,78.85,78.92,77.8,12113.427,77.93385270646759,77.12849543860806,75.40069226210379,76.39763578247631,73.86734941444547,70.68816369183247,80.58740535443307,75.82333333333332,71.05926131223357,True,True,True,False,False,False
134,2023-07-04 23:00:00,78.84,79.32,79.87,78.1,18070.522,78.24188543836368,77.35918012928089,75.60168240250873,76.55365720703654,74.00742105189289,70.79675896856192,80.86915105146392,76.00833333333334,71.14751561520276,True,True,True,False,False,False
135,2023-07-05 00:00:00,79.31,78.56,79.64,78.47,10300.794,78.31257756317174,77.48558222093553,75.75339099725187,76.70967863159674,74.14749268934031,70.90535424529136,81.01668593145965,76.18633333333334,71.35598073520703,True,True,True,False,False,False
136,2023-07-05 01:00:00,78.53,77.95,78.75,77.54,9518.769,78.2320047713558,77.53446830294232,75.8660376127774,76.86570005615697,74.28756432678773,71.01394952202081,81.06439051663013,76.35533333333333,71.64627615003654,True,True,True,False,False,False
137,2023-07-05 02:00:00,77.96,79.31,79.31,77.95,15131.781,78.47155926661007,77.72136637631681,76.04265106853241,76.74816116414824,74.2997336866091,71.06184760507182,81.21634163857715,76.56733333333334,71.91832502808953,True,True,True,False,False,False
138,2023-07-05 03:00:00,79.32,80.09,80.62,79.2,19778.375,78.83121276291895,77.97069623144137,76.2502074239923,76.63062227213953,74.31190304643047,71.10974568812284,81.35021040300963,76.83099999999999,72.31178959699035,True,True,True,False,False,False
139,2023-07-05 04:00:00,80.09,79.05,80.1,78.94,15520.518,78.87983214893697,78.08430715444754,76.39378653045422,76.51308338013081,74.32407240625186,71.15764377117385,81.27872864859235,77.066,72.85327135140766,True,True,True,False,False,False
140,2023-07-05 05:00:00,79.06,78.43,79.63,78.07,18704.034,78.7798694491732,78.12069587503203,76.49820773402067,76.39554448812208,74.33624176607323,71.20554185422486,81.07973449042035,77.279,73.47826550957964,True,True,True,False,False,False
141,2023-07-05 06:00:00,78.42,76.96,78.89,76.49,34346.078,78.3754540160236,77.99851736187077,76.52188938868628,76.1563475721153,74.27713014065024,71.21688106122198,80.83780272335568,77.41799999999999,73.9981972766443,True,True,True,False,False,False
142,2023-07-05 07:00:00,77.02,74.82,77.11,73.36,46882.164,77.58535312357391,77.663936586937,76.43461300977928,75.91715065610852,74.21801851522727,71.22822026821909,80.65721120651037,77.47433333333333,74.2914554601563,False,True,True,False,False,False
143,2023-07-05 08:00:00,74.81,74.75,76.18,74.42,22822.373,76.9552746516686,77.357206419891,76.34822259902137,75.67795374010174,74.15890688980429,71.2395594752162,80.72933970873889,77.41799999999999,74.1066602912611,False,True,True,False,False,False
144,2023-07-05 09:00:00,74.74,73.77,75.19,73.61,19357.373,76.24743584018668,76.979605744113,76.2160060554818,75.43875682409495,74.0997952643813,71.25089868221332,80.8237902557811,77.38266666666667,73.94154307755223,False,True,True,True,False,False
145,2023-07-05 10:00:00,73.78,74.86,74.99,73.69,12619.305,75.93911676458964,76.75648934999585,76.1464672834058,75.37160366720079,74.10322170479232,71.2890922888516,80.75720898239024,77.40966666666667,74.0621243509431,False,True,True,False,False,False
146,2023-07-05 11:00:00,74.85,74.45,75.36,74.28,14822.538,75.60820192801417,76.51370099736471,76.05946896117986,75.30445051030662,74.10664814520334,71.3272858954899,80.6782691774248,77.43533333333333,74.19239748924187,False,True,True,False,False,False
147,2023-07-05 12:00:00,74.44,72.09,74.47,71.67,35560.067,74.82637927734436,76.0480482608,75.85590645035012,75.23729735341246,74.11007458561436,71.3654795021282,81.0029492116368,77.344,73.68505078836318,False,True,True,True,False,False
148,2023-07-05 13:00:00,72.08,73.89,73.99,71.75,25518.038,74.61829499349005,75.82088528597895,75.75509073494754,75.1701441965183,74.11350102602538,71.40367310876648,81.09755138872741,77.234,73.37044861127258,False,True,True,True,False,False
149,2023-07-05 14:00:00,73.88,74.84,75.46,73.64,22614.83,74.66756277271449,75.71763420324433,75.70816300495024,75.13846951893395,74.12630363060366,71.4446516586541,81.04489391483263,77.11466666666665,73.18443941850067,False,True,True,False,False,False
150,2023-07-05 15:00:00,74.84,74.68,75.78,74.54,9252.828,74.67032660100017,75.60840955027123,75.65543669700406,75.1067948413496,74.13910623518194,71.48563020854169,80.97769317730034,76.98766666666667,72.997640156033,False,False,True,False,False,False
151,2023-07-05 16:00:00,74.69,74.23,75.26,74.06,8164.741,74.57247624522236,75.46331380813743,75.58233737920898,75.07512016376525,74.15190883976021,71.5266087584293,80.95965047895027,76.86533333333334,72.77101618771641,False,False,True,True,False,False
152,2023-07-05 17:00:00,74.24,74.9,75.19,74.05,6378.199,74.64525930183962,75.40401761780717,75.54734571873672,75.0434454861809,74.1647114443385,71.56758730831692,80.89720408400115,76.764,72.63079591599885,False,False,True,False,False,False
153,2023-07-05 18:00:00,74.92,74.67,75.01,74.4,6016.011,74.65075723476414,75.32675260540641,75.50235363059637,75.0015874036153,74.16800851159275,71.60249003513337,80.8428158217733,76.66066666666666,72.47851751156001,False,False,True,False,False,False
154,2023-07-05 19:00:00,74.68,74.46,75.41,74.45,5703.538,74.60836673814988,75.23551548904784,75.4488995982581,74.95972932104969,74.17130557884698,71.63739276194981,80.75428042127581,76.53766666666665,72.3210529120575,False,False,True,False,False,False
155,2023-07-05 20:00:00,74.53,74.6,75.26,74.33,5936.814,74.60650746300547,75.16861912177964,75.4053662855269,74.91787123848408,74.17460264610123,71.67229548876625,80.68521019088116,76.435,72.18478980911884,False,False,True,False,False,False
156,2023-07-05 21:00:00,74.61,73.85,74.89,73.71,6881.327,74.4383946934487,75.02981710896073,75.32560391191012,74.87601315591849,74.17789971335549,71.70719821558271,80.69156677792549,76.34233333333333,71.99309988874117,False,False,True,True,False,False
157,2023-07-05 22:00:00,73.85,75.21,75.42,73.41,15704.305,74.609862539349,75.04878372907012,75.31967550617114,74.8856790917008,74.20084972089876,71.75005464871626,80.64653089604829,76.28466666666667,71.92280243728504,False,False,True,False,False,False
158,2023-07-05 23:00:00,75.2,74.25,75.36,74.2,8058.165,74.52989308616033,74.96470123127327,75.26482035200851,74.8953450274831,74.22379972844205,71.79291108184981,80.43534282764729,76.12866666666667,71.82199050568606,False,False,True,True,False,False
159,2023-07-06 00:00:00,74.27,74.29,74.66,74.16,2082.347,74.47658351145805,74.89368004903397,75.21482956472602,74.90501096326541,74.24674973598533,71.83576751498337,80.28399896287101,75.99866666666667,71.71333437046232,False,False,True,True,False,False
160,2023-07-06 01:00:00,74.25,73.52,74.4,73.49,4604.165,74.2640093978007,74.74908214913566,75.12791522807339,74.91467689904772,74.2696997435286,71.87862394811692,80.18864165055057,75.86033333333333,71.5320250161161,False,False,True,True,False,False
161,2023-07-06 02:00:00,73.59,75.4,75.64,73.43,12718.433,74.51645175384499,74.81759981764769,75.14186829330039,74.92830596021173,74.29312869764627,71.92069287185902,80.11149228352605,75.80433333333333,71.49717438314062,False,False,True,False,False,False
162,2023-07-06 03:00:00,75.39,75.09,75.79,74.97,8816.169,74.64390691965721,74.8462735210532,75.13920838082345,74.94193502137574,74.31655765176394,71.9627617956011,79.93425682280376,75.70466666666667,71.47507651052958,False,False,True,False,False,False
163,2023-07-06 04:00:00,75.09,75.05,75.6,74.9,8774.223,74.73414982640006,74.86771841357393,75.13463359206327,74.95556408253977,74.33998660588162,72.00483071934319,79.64780556456155,75.578,71.50819443543845,False,False,True,False,False,False
164,2023-07-06 05:00:00,75.05,77.76,77.98,74.92,25158.799,75.40656097608894,75.17216910688194,75.26926776682926,74.96919314370378,74.36341555999928,72.04689964308528,79.44011667344448,75.526,71.61188332655551,True,False,True,False,False,False
165,2023-07-06 06:00:00,77.76,77.63,78.12,76.92,19119.278,75.90065853695806,75.43088814826278,75.3903309582739,74.85090463572024,74.3233256768414,72.05706759637906,79.32636442189151,75.49499999999999,71.66363557810847,True,True,True,False,False,False
166,2023-07-06 07:00:00,77.65,76.86,77.86,76.48,10165.257,76.11384552874516,75.58132097476144,75.46569860143934,74.73261612773669,74.28323579368353,72.06723554967283,79.21617908255544,75.45866666666667,71.7011542507779,True,True,True,False,False,False
167,2023-07-06 08:00:00,76.86,75.16,76.94,74.3,16221.172,75.90187985569068,75.53697139847077,75.45002175008348,74.61432761975314,74.24314591052566,72.07740350296662,78.79546588076586,75.32033333333334,71.84520078590081,True,True,True,False,False,False
168,2023-07-06 09:00:00,75.16,74.02,75.41,73.17,19972.942,75.48368433220386,75.37729019863174,75.37668730136124,74.4960391117696,74.20305602736778,72.08757145626039,78.13543997454836,75.118,72.10056002545163,True,True,True,True,True,False
169,2023-07-06 10:00:00,74.01,72.98,74.48,72.66,15255.766,74.92731003615856,75.12494386193366,75.2537802602658,74.36625916111574,74.14929139506863,72.08850002733398,77.65231514407316,74.91566666666667,72.17901818926018,False,False,True,True,False,False
170,2023-07-06 11:00:00,72.95,72.34,73.36,71.1,26343.445,74.35235225034555,74.83179187646695,75.10435563153422,74.23647921046188,74.09552676276948,72.08942859840755,77.27434805894748,74.71266666666666,72.15098527438585,False,False,True,True,False,False
171,2023-07-06 12:00:00,72.3,72.84,73.07,71.8,11380.453,74.01627397249098,74.62212957368095,74.98823482991708,74.10669925980801,74.04176213047032,72.09035716948114,77.08151626538181,74.57533333333335,72.06915040128489,False,False,True,True,False,False
172,2023-07-06 13:00:00,72.82,72.16,73.08,71.56,8936.033,73.60376864527076,74.36295803960927,74.84319714633159,73.97691930915414,73.98799749817117,72.09128574055472,77.13607582511897,74.48666666666666,71.83725750821436,False,False,True,True,False,False
173,2023-07-06 14:00:00,72.14,72.65,72.72,71.83,3655.837,73.39182005743282,74.18264666701882,74.73072549780176,73.76986823642335,73.88962914295614,72.06767951311171,77.14435840552285,74.41666666666667,71.68897492781049,False,False,True,True,False,False
174,2023-07-06 15:00:00,72.67,73.06,73.23,72.3,8921.038,73.31808226689219,74.06447333364841,74.64504726714526,73.56281716369257,73.79126078774111,72.0440732856687,77.15483103514111,74.393,71.63116896485889,False,False,True,True,False,False
175,2023-07-06 16:00:00,73.07,72.16,73.07,72.01,7437.107,73.06073065202726,73.86400245642226,74.51760894575318,73.3557660909618,73.69289243252608,72.02046705822569,77.17198425695727,74.30300000000001,71.43401574304275,False,False,True,True,False,False
176,2023-07-06 17:00:00,72.12,72.21,72.48,71.9,3258.643,72.8716793960212,73.6898969346936,74.39927002545814,73.148715018231,73.59452407731105,71.99686083078268,77.19312262695226,74.22833333333332,71.26354403971439,False,False,True,True,False,False
177,2023-07-06 18:00:00,72.25,72.1,72.34,71.6,3516.633,72.70019508579426,73.5225393626206,74.2813587421013,73.09878640610705,73.55914186475023,72.000106204747,77.19249632139113,74.22866666666667,71.2648370119422,False,False,True,True,False,False
178,2023-07-06 19:00:00,72.12,71.5,72.24,71.26,3728.884,72.43348506672888,73.30964048234475,74.13872496045508,73.0488577939831,73.52375965218943,72.00335157871132,77.26931344579384,74.14899999999999,71.02868655420613,False,False,True,True,False,False
179,2023-07-06 20:00:00,71.47,70.25,71.51,70.25,11482.867,71.94826616301135,72.98757306315056,73.93930316761123,72.99892918185917,73.48837743962861,72.00659695267565,77.40276033791665,73.99600000000001,70.58923966208337,False,False,True,True,False,False
180,2023-07-06 21:00:00,70.24,71.16,71.22,69.26,18103.897,71.77309590456439,72.79519695123997,73.79677480004142,72.94900056973522,73.45299522706779,72.00984232663997,77.42281013002854,73.87866666666666,70.33452320330478,False,False,True,True,False,False
181,2023-07-06 22:00:00,71.19,71.57,71.61,70.75,6336.165,71.72796348132785,72.66622885110945,73.68258122055212,72.88238942697215,73.40817956319759,72.00651101475997,77.42644148401544,73.78999999999999,70.15355851598454,False,False,True,True,False,False
182,2023-07-06 23:00:00,71.55,71.75,71.81,71.34,2251.06,71.7328604854772,72.5697837088874,73.58347449129305,72.81577828420907,73.36336389932738,72.00317970287998,77.36877614231217,73.68499999999999,70.0012238576878,False,False,True,True,False,False
183,2023-07-07 00:00:00,71.74,72.25,72.25,71.37,3913.304,71.84778037759338,72.53612226584663,73.51509118404725,72.74916714144601,73.31854823545717,71.99984839099997,77.30424930835548,73.60433333333334,69.9044173583112,False,False,True,True,False,False
184,2023-07-07 01:00:00,72.25,71.43,72.45,71.35,6524.017,71.75494029368375,72.41968834312593,73.40816343101919,72.68255599868294,73.27373257158698,71.99651707911997,77.26914208518961,73.50333333333334,69.73752458147708,False,False,True,True,False,False
185,2023-07-07 02:00:00,71.44,72.0,72.39,71.11,6124.37,71.80939800619848,72.37551062279688,73.33594992173616,72.66408066542277,73.24942381970311,72.00104891143894,77.1971757446733,73.41666666666667,69.63615758866004,False,False,True,True,False,False
186,2023-07-07 03:00:00,72.02,71.78,72.35,71.72,4042.717,71.80286511593215,72.31282529408142,73.25615761805737,72.64560533216262,73.22511506781925,72.00558074375792,77.16935803161105,73.34766666666665,69.52597530172226,False,False,True,True,False,False
187,2023-07-07 04:00:00,71.8,71.75,72.2,71.46,7497.075,71.79111731239166,72.25358052628337,73.1789187658493,72.62712999890246,73.20080631593538,72.01011257607689,77.03101971446877,73.23233333333333,69.43364695219789,False,False,True,True,False,False
188,2023-07-07 05:00:00,71.72,72.23,72.99,71.55,10525.675,71.88864679852685,72.25109836562196,73.13025626503652,72.60865466564229,73.17649756405152,72.01464440839587,76.96075464609277,73.16499999999999,69.36924535390722,False,False,True,True,False,False
189,2023-07-07 06:00:00,72.22,73.32,73.97,72.21,11722.459,72.2067252877431,72.36361432713542,73.13998671298337,72.66484051755106,73.188168680787,72.0352258903395,76.90599740871545,73.13266666666667,69.35933592461788,False,False,True,True,False,False
190,2023-07-07 07:00:00,73.37,72.63,73.5,72.51,7235.408,72.3007863349113,72.39165492427905,73.113833548215,72.72102636945982,73.19983979752249,72.05580737228314,76.87767755797341,73.103,69.32832244202658,False,False,True,True,False,False
191,2023-07-07 08:00:00,72.67,72.35,72.69,72.18,3711.318,72.31172270493101,72.38727019540758,73.07466259702448,72.77721222136857,73.21151091425799,72.07638885422679,76.68629641169524,73.00133333333333,69.31637025497143,False,False,True,True,False,False
192,2023-07-07 09:00:00,72.33,73.02,73.43,71.87,12192.987,72.46911765939079,72.4538733327331,73.07185938692066,72.83339807327734,73.22318203099347,72.09697033617043,76.5348720061154,72.93233333333335,69.32979466055129,True,False,True,True,False,False
193,2023-07-07 10:00:00,73.0,73.91,73.97,72.41,14296.728,72.78931373508172,72.60714982402435,73.11484095682216,72.84876484698415,73.22020355649364,72.1099578959631,76.43015264747025,72.89433333333334,69.35851401919642,True,False,True,False,False,False
194,2023-07-07 11:00:00,73.92,74.03,74.24,73.27,6502.864,73.06502179395244,72.75692352675863,73.16177218980563,72.86413162069097,73.21722508199382,72.1229454557558,75.84498292678211,72.77000000000001,69.69501707321791,True,False,True,False,False,False
195,2023-07-07 12:00:00,74.0,73.62,74.34,73.42,5576.313,73.18835028418523,72.84777368183667,73.18527105186688,72.87949839439779,73.21424660749399,72.13593301554849,75.15250229074131,72.63633333333334,70.12016437592537,True,False,True,False,False,False
196,2023-07-07 13:00:00,73.59,73.23,73.71,72.96,4290.496,73.19760577658852,72.88800803111702,73.18756484407882,72.8948651681046,73.21126813299416,72.14892057534117,74.50051667219404,72.51533333333333,70.53014999447262,True,False,True,True,False,False
197,2023-07-07 14:00:00,73.25,73.65,73.68,72.94,4008.383,73.29813782623552,72.96821771205208,73.21127946745939,72.99848376987657,73.25202423475747,72.18239595258038,74.24542504288571,72.465,70.6845749571143,True,False,True,False,False,False
198,2023-07-07 15:00:00,73.69,73.07,74.02,72.86,5718.174,73.24744053151652,72.97893163709924,73.20403436656403,73.10210237164853,73.29278033652079,72.21587132981959,74.13401032271828,72.43333333333334,70.73265634394839,True,False,True,True,False,False
199,2023-07-07 16:00:00,73.06,73.11,73.34,72.9,1769.559,73.21689819117951,72.99272830687826,73.1992120913556,73.2057209734205,73.33353643828411,72.2493467070588,74.14454438799201,72.43766666666667,70.73078894534133,True,False,True,True,False,False
200,2023-07-07 17:00:00,73.1,73.31,73.31,72.87,1725.061,73.2375874820285,73.02612532720687,73.20489352256814,73.30933957519247,73.37429254004742,72.28282208429802,74.20477376046597,72.47,70.73522623953403,True,False,True,True,False,False
201,2023-07-07 18:00:00,73.32,73.85,74.18,73.32,4509.613,73.37367915268884,73.11284897697456,73.23797590602618,73.37326515434845,73.40286378899354,72.31073462167882,74.3038257954356,72.50366666666666,70.70350753789772,True,False,True,False,False,False
202,2023-07-07 19:00:00,73.84,74.18,74.42,73.57,3966.114,73.55286156320243,73.22518066360881,73.28628483392227,73.43719073350442,73.43143503793965,72.3386471590596,74.46345061582453,72.571,70.67854938417547,True,False,True,False,False,False
203,2023-07-07 20:00:00,74.2,74.76,74.99,74.2,8071.494,73.82111454915744,73.38674059375526,73.3618599706442,73.50111631266039,73.46000628688577,72.36655969644039,74.6906371717681,72.64133333333332,70.59202949489854,True,True,True,False,False,False
204,2023-07-07 21:00:00,74.76,74.45,75.09,74.25,7448.532,73.9608668715669,73.49866263651786,73.41766202343169,73.56504189181636,73.4885775358319,72.39447223382119,74.8333269897895,72.68766666666667,70.54200634354385,True,True,True,False,False,False
205,2023-07-07 22:00:00,74.39,74.66,75.68,74.29,11437.369,74.11622978899649,73.62090867477914,73.4813716632557,73.62809512004878,73.52045707436264,72.42403028210553,75.01991885135978,72.771,70.52208114864023,True,True,True,False,False,False
206,2023-07-07 23:00:00,74.67,75.02,75.14,74.44,4595.571,74.31706761366394,73.76818144585503,73.56027568052464,73.69114834828122,73.55233661289338,72.45358833038988,75.24268675816231,72.86466666666666,70.48664657517102,True,True,True,False,False,False
207,2023-07-08 00:00:00,75.02,74.46,75.12,74.35,4808.153,74.34883036618307,73.8410044515545,73.60641538921568,73.75420157651364,73.58421615142412,72.48314637867422,75.3705969961624,72.94333333333334,70.51606967050428,True,True,True,False,False,False
208,2023-07-08 01:00:00,74.46,74.87,75.15,74.24,4728.275,74.46464584036461,73.9493197724435,73.67121460002514,73.81725480474606,73.61609568995486,72.51270442695856,75.51703042595886,73.05566666666667,70.59430290737447,True,True,True,False,False,False
209,2023-07-08 02:00:00,74.87,74.83,75.56,74.4,9009.211,74.54583565361692,74.04202295429155,73.73063949233153,73.91629620448239,73.66830369811395,72.55228513943345,75.51815631837434,73.20833333333333,70.89851034829232,True,True,True,False,False,False
210,2023-07-08 03:00:00,74.83,74.09,75.05,73.95,7515.23,74.44453884170204,74.04707316962929,73.74906823631453,74.01533760421871,73.72051170627303,72.59186585190835,75.50630664529628,73.30600000000001,71.10569335470375,True,True,True,False,False,False
211,2023-07-08 04:00:00,74.09,74.7,74.81,74.09,2159.722,74.50130798799049,74.11580230966831,73.79783396778558,74.11437900395504,73.77271971443211,72.63144656438324,75.56789667088734,73.41033333333333,71.25276999577932,True,True,True,False,False,False
212,2023-07-08 05:00:00,74.71,77.12,77.24,74.41,41758.913,75.08323954621483,74.4320336454927,73.96820145661708,74.21342040369137,73.8249277225912,72.67102727685813,76.03764667566188,73.58933333333334,71.14101999100481,True,True,True,False,False,False
213,2023-07-08 06:00:00,77.13,76.24,77.36,76.14,12033.205,75.34029742483375,74.62234589333558,74.08470394602132,74.19378593681964,73.82585067725985,72.6862705168984,76.29548539948826,73.72233333333334,71.14918126717842,True,True,True,False,False,False
214,2023-07-08 07:00:00,76.25,75.51,76.4,75.41,8948.909,75.37800910820403,74.7157831677213,74.15779605135356,74.17415146994789,73.82677363192852,72.70151375693868,76.36284703640838,73.85833333333333,71.35381963025829,True,True,True,False,False,False
215,2023-07-08 08:00:00,75.52,75.6,75.74,74.78,8735.991,75.42734041749202,74.80885862375064,74.23175522820722,74.15451700307614,73.82769658659717,72.71675699697897,76.4600643600344,73.97833333333332,71.49660230663225,True,True,True,False,False,False
216,2023-07-08 09:00:00,75.6,74.23,75.89,74.11,31355.733,75.16126476916045,74.74792613704005,74.23166521650428,74.1348825362044,73.82861954126582,72.73200023701925,76.40444023169752,74.06,71.71555976830248,True,True,True,False,False,False
217,2023-07-08 10:00:00,74.23,74.5,74.51,73.96,5428.151,75.01431704268035,74.72182864893057,74.24542597463227,74.07905572863748,73.81023481649567,72.7371027980831,76.33732954602941,74.15166666666667,71.96600378730393,True,True,True,False,False,False
218,2023-07-08 11:00:00,74.5,74.51,74.75,74.14,4240.458,74.90224658875138,74.69953089641157,74.25899387336908,74.02322892107057,73.79185009172551,72.74220535914696,76.2961842249414,74.22766666666666,72.15914910839193,True,True,True,False,False,False
219,2023-07-08 12:00:00,74.48,73.86,74.48,73.83,4085.086,74.67063623569553,74.61115922310509,74.23853264909374,73.96740211350367,73.77346536695536,72.74730792021082,76.29155153363521,74.24566666666666,72.19978179969812,True,True,True,True,True,False
220,2023-07-08 13:00:00,73.85,74.13,74.53,73.79,3952.553,74.55049484998541,74.56051088383087,74.23296687221713,73.91157530593675,73.7550806421852,72.75241048127467,76.252546382496,74.29566666666668,72.33878695083735,False,True,True,False,False,False
221,2023-07-08 14:00:00,74.08,73.84,74.22,73.67,4282.761,74.39260710554422,74.4846676329013,74.21281472492394,73.89426556671805,73.75099957265402,72.76327701356601,76.17356915571082,74.34533333333333,72.51709751095584,False,True,True,True,False,False
222,2023-07-08 15:00:00,73.83,73.76,74.02,73.58,3325.192,74.25202774875662,74.40838682943802,74.18959345697913,73.87695582749933,73.74691850312283,72.77414354585736,76.14524458408846,74.36999999999999,72.59475541591152,False,True,True,True,False,False
223,2023-07-08 16:00:00,73.77,73.13,73.77,72.75,6408.886,74.00268824903293,74.27381979476033,74.1352553309802,73.85964608828063,73.74283743359163,72.78501007814872,76.16761984342556,74.34400000000001,72.52038015657446,False,True,True,True,False,False
224,2023-07-08 17:00:00,73.14,73.06,73.18,72.72,1450.942,73.79320197147005,74.14604929004871,74.08011403195557,73.84233634906192,73.73875636406045,72.79587661044006,76.1899856550774,74.31166666666667,72.43334767825594,False,True,True,True,False,False
225,2023-07-08 18:00:00,73.06,73.27,73.27,72.73,2547.963,73.67693486669893,74.05383357530674,74.03856972262452,73.80331766300293,73.72299961763781,72.80028844876776,76.19958591979113,74.3,72.40041408020886,False,True,True,True,False,False
226,2023-07-08 19:00:00,73.28,73.68,73.68,73.2,1316.787,73.6776160074325,74.01448267264288,74.0201815317207,73.76429897694393,73.70724287121516,72.80470028709544,76.1874653979897,74.315,72.4425346020103,False,False,True,True,False,False
227,2023-07-08 20:00:00,73.68,73.6,73.82,73.4,1675.235,73.66036800578084,73.97085291762784,73.99863376086323,73.72528029088494,73.69148612479252,72.80911212542313,76.18825081299946,74.31333333333332,72.43841585366718,False,False,True,True,False,False
228,2023-07-08 21:00:00,73.61,73.62,73.65,73.13,4998.843,73.65139733782954,73.93392103156175,73.97921664492152,73.68626160482594,73.67572937836988,72.81352396375082,76.16795337872745,74.33166666666668,72.49537995460591,False,False,True,True,False,False
229,2023-07-08 22:00:00,73.62,73.52,74.32,73.44,4192.26,73.62219792942297,73.89035039666051,73.95566707338708,73.59924707122451,73.63478913157067,72.80463263088222,76.15089314187591,74.34533333333334,72.53977352479077,False,False,True,True,False,False
230,2023-07-08 23:00:00,73.58,73.34,73.85,73.26,3948.053,73.55948727844009,73.8324187759594,73.92409440295697,73.51223253762306,73.59384888477146,72.79574129801362,76.14963019063599,74.34633333333333,72.54303647603068,False,False,True,True,False,False
231,2023-07-09 00:00:00,73.4,73.14,73.48,73.1,2351.382,73.46626788323118,73.75953258901632,73.88388443357456,73.42521800402162,73.55290863797225,72.78684996514502,76.16950853561241,74.32266666666668,72.47582479772095,False,False,True,True,False,False
232,2023-07-09 01:00:00,73.14,72.55,73.19,72.55,7788.867,73.2626527980687,73.63221336911987,73.81548010364766,73.33820347042018,73.51196839117304,72.77795863227642,76.22160807648244,74.26833333333333,72.31505859018422,False,False,True,True,False,False
233,2023-07-09 02:00:00,72.57,72.68,72.91,72.48,2316.898,73.13317439849789,73.53198038289673,73.75725035474264,73.26941438873017,73.47481132824744,72.76926685493954,76.22389407130397,74.19900000000001,72.17410592869605,False,False,True,True,False,False
234,2023-07-09 03:00:00,72.65,72.12,72.66,72.12,3386.619,72.90802453216503,73.3833508689076,73.67328879808917,73.20062530704016,73.43765426532184,72.76057507760267,76.27631969575518,74.12133333333334,71.9663469709115,False,False,True,True,False,False
235,2023-07-09 04:00:00,72.15,72.12,72.4,71.68,4321.851,72.73290796946169,73.25036656691732,73.59363296228973,73.13183622535016,73.40049720239622,72.75188330026579,76.29734109897458,74.03666666666666,71.77599223435874,False,False,True,True,False,False
236,2023-07-09 05:00:00,72.12,72.07,72.12,71.7,3899.016,72.5855950873591,73.12611745461024,73.51549793858257,73.06304714366014,73.36334013947062,72.74319152292891,76.27472989404187,73.93833333333333,71.6019367726248,False,False,True,True,False,False
237,2023-07-09 06:00:00,72.06,71.97,72.12,71.45,5024.959,72.44879617905707,73.00442088044073,73.43624163403987,73.06304714366014,73.36334013947062,72.74319152292891,76.28668814541321,73.85533333333333,71.42397852125346,False,False,True,True,False,False
238,2023-07-09 07:00:00,71.97,72.1,72.22,71.73,2198.382,72.37128591704439,72.90921868249961,73.36771642203783,73.06304714366014,73.36334013947062,72.74319152292891,76.24310833096762,73.76299999999999,71.28289166903237,False,False,True,True,False,False
239,2023-07-09 08:00:00,72.1,72.11,72.11,71.9,316.243,72.31322237992342,72.82509040013123,73.30321814398461,73.06304714366014,73.36334013947062,72.74319152292891,76.18839736714166,73.67233333333334,71.15626929952502,False,False,True,True,False,False
