,Close_Time,Open,Close,High,Low,ema_8,ema_18,ema_38,atr,kd_cross,position,entry_p,stop_loss,take_profit,size,exit_p,amt
0,2023-01-03 12:59:59,1215.58,1213.54,1215.79,1213.41,1215.0557398485805,1214.4314881155747,1210.6801849792628,3.901053593649405,True,Buy,1215.59,1203.5358268512864,1239.698346297427,1.0,,1215.59
1,2023-01-03 14:59:59,1217.85,1216.8,1219.89,1216.46,1215.9280401553142,1215.0037120925238,1211.3433354612825,3.9024900884017764,False,Buy,1217.86,1206.043493560548,1241.4930128789038,1.0,,1217.86
2,2023-01-03 16:59:59,1216.61,1215.63,1217.08,1213.99,1215.9796786124741,1215.2209218690841,1211.8193992416143,3.7103103313260233,False,Buy,1216.61,1205.3359204680235,1239.1581590639528,1.0,,1216.61
3,2023-01-03 18:59:59,1217.49,1215.73,1218.4,1215.73,1216.1835092840893,1215.4872754021198,1212.2953435646086,3.5849104387453914,True,Buy,1217.48,1206.5141355055919,1239.4117289888163,1.0,,1217.48
4,2023-01-04 10:59:59,1224.11,1231.6,1234.5,1224.1,1218.6506055032637,1215.6891305274432,1213.625990821279,5.031247708761703,False,Buy,1224.1,1210.2451997101543,1251.8096005796908,1.0,,1224.1
5,2023-01-04 11:59:59,1231.6,1250.74,1254.96,1231.6,1225.781582058094,1219.3786957350808,1215.5292733432645,6.34044430099302,False,Sell,,,,-5.0,1251.8096005796908,-6259.048
6,2023-01-04 13:59:59,1250.34,1248.02,1251.17,1247.3,1234.9698459363779,1225.3105348128483,1218.8895694983096,6.121505545243993,False,Buy,1250.35,1231.4659051615195,1288.118189676961,1.0,,1250.35
7,2023-01-04 15:59:59,1250.5,1252.0,1253.13,1247.93,1241.4402771713892,1230.4933090330005,1222.1259438811212,5.957420597684882,False,Buy,1250.51,1232.4629488382488,1286.6041023235023,1.0,,1250.51
8,2023-01-04 17:59:59,1250.75,1249.68,1251.74,1248.6,1244.8786861900994,1234.4198512757262,1224.931109252633,6.38313306637116,False,Buy,1250.74,1230.8421854778778,1290.5356290442444,1.0,,1250.74
9,2023-01-04 20:59:59,1251.59,1250.99,1256.48,1250.77,1248.0592721031605,1239.0780214780057,1228.712791803193,5.9000230855748645,True,Buy,1251.58,1233.8360792619887,1287.067841476022,1.0,,1251.58
10,2023-01-04 21:59:59,1250.99,1253.72,1253.92,1250.82,1249.3172116357914,1240.6192823750575,1229.9952127363626,5.700021436605241,True,Buy,1250.99,1233.2899307432754,1286.3901385134493,1.0,,1250.99
11,2023-01-04 22:59:59,1253.73,1250.94,1255.18,1249.31,1249.6778312722822,1241.7056737039989,1231.069304390908,5.712162762562018,True,Buy,1253.72,1236.6199356901843,1287.9201286196314,1.0,,1253.72
12,2023-01-04 23:59:59,1250.94,1255.88,1258.09,1241.89,1251.056090989553,1243.1977080509464,1232.341647755477,6.461293993807575,True,Buy,1250.94,1233.803511712314,1285.212976575372,1.0,,1250.94
13,2023-01-05 00:59:59,1255.89,1254.02,1257.68,1251.12,1251.714737436319,1244.3368966771627,1233.453358126991,6.468344422821332,True,Buy,1255.88,1236.4961180185774,1294.6477639628456,1.0,,1255.88
14,2023-01-05 01:59:59,1254.03,1260.49,1272.6,1252.79,1253.6647957838036,1246.0372233427247,1234.839852582017,7.421319821191233,False,Buy,1254.02,1234.614966731536,1292.830066536928,1.0,,1254.02
15,2023-01-05 03:59:59,1261.88,1254.38,1265.58,1251.35,1255.2419134988443,1248.4065860001313,1237.156987629705,8.127107396843464,True,Buy,1261.87,1238.8970376409673,1307.8159247180654,1.0,,1261.87
16,2023-01-05 19:59:59,1251.51,1255.91,1256.14,1251.0,1252.4451973718133,1251.8158110858144,1245.9754764385514,5.39727425110327,False,Buy,1251.51,1235.2588062656664,1284.0123874686672,1.0,,1251.51
17,2023-01-05 21:59:59,1252.91,1247.5,1254.0,1247.15,1251.4283292743069,1251.4655108138516,1246.3915235005763,5.413670145083931,False,Buy,1252.92,1237.0104503004982,1284.7390993990039,1.0,,1252.92
18,2023-01-06 06:59:59,1252.49,1250.75,1252.82,1250.63,1251.4106045791036,1251.173947214637,1248.0508519657758,4.5234683189864615,False,Buy,1252.49,1238.3811023540436,1280.7077952919126,1.0,,1252.49
19,2023-01-06 09:59:59,1255.67,1251.36,1255.79,1251.29,1252.112616420621,1251.6225488650696,1248.7384423982608,4.773057542570436,True,Buy,1255.67,1241.2878140932341,1284.4343718135322,1.0,,1255.67
20,2023-01-07 02:59:59,1263.56,1266.74,1269.92,1263.56,1258.4719932623443,1254.3717072374595,1251.4368744873384,6.429882744601061,True,Buy,1263.57,1244.2642249789812,1302.1815500420375,1.0,,1263.57
21,2023-01-07 03:59:59,1266.74,1273.13,1276.7,1265.16,1261.7293280929346,1256.3462643703588,1252.5493424623467,6.794891119986697,False,Buy,1266.74,1247.4503517661967,1305.3192964676064,1.0,,1266.74
22,2023-01-07 05:59:59,1265.89,1266.27,1268.03,1265.17,1263.4557663772075,1258.2887822798716,1253.901531775774,6.771513261621164,False,Buy,1265.88,1244.6628033086085,1308.314393382783,1.0,,1265.88
23,2023-01-07 07:59:59,1269.68,1269.14,1271.92,1268.09,1265.7947228701626,1260.5038727946894,1255.4506489158673,6.422019087826428,False,Buy,1269.68,1249.8157844854838,1309.4084310290323,1.0,,1269.68
24,2023-01-07 10:59:59,1268.71,1266.45,1268.97,1266.03,1267.1372427221752,1262.7829402303994,1257.3752217592241,5.807491230304184,False,Buy,1268.71,1250.6257975636327,1304.8784048727348,1.0,,1268.71
25,2023-01-07 16:59:59,1266.8,1264.68,1267.11,1264.15,1265.6966089726259,1264.006978331092,1259.5225190105489,4.5340174903012835,True,Buy,1266.8,1252.8347127236418,1294.730574552716,1.0,,1266.8
26,2023-01-07 23:59:59,1265.34,1265.07,1265.54,1264.0,1264.6218236670868,1264.1773422918338,1260.9953745087132,3.6546004159814935,False,Buy,1265.34,1253.8882140406752,1288.2435719186496,1.0,,1265.34
27,2023-01-08 05:59:59,1264.26,1264.47,1266.61,1262.77,1264.2450575936164,1264.0806781814915,1261.7827385014211,3.3053739817783168,False,Buy,1264.27,1254.4772532896393,1283.8554934207214,1.0,,1264.27
28,2023-01-08 08:59:59,1264.06,1260.99,1264.61,1257.77,1263.338867976146,1263.672540006658,1261.914628252541,3.4759572295797985,True,Buy,1264.07,1254.4184458736652,1283.3731082526695,1.0,,1264.07
29,2023-01-09 03:59:59,1265.43,1265.09,1266.66,1265.0,1265.3071652469325,1264.6625327219804,1263.5048912248315,3.956032720412631,False,Buy,1265.43,1253.0320481340516,1290.225903731897,1.0,,1265.43
30,2023-01-09 07:59:59,1269.48,1290.16,1296.0,1269.48,1272.7382874192783,1268.7002401414395,1265.7746488641037,5.7508465360189716,True,Buy,1269.49,1257.030341960554,1294.4093160788918,1.0,,1269.49
31,2023-01-09 08:59:59,1290.15,1294.86,1295.62,1285.44,1277.6542235483275,1271.4538990739195,1267.2662053326112,6.067214640589033,False,Buy,1290.16,1272.9074603919432,1324.665079216114,1.0,,1290.16
32,2023-01-09 10:59:59,1294.03,1306.16,1312.5,1291.39,1286.8174932576303,1277.232512001005,1270.5623899410548,7.476833031936448,False,Buy,1294.02,1274.735616358359,1332.5887672832816,1.0,,1294.02
33,2023-01-09 12:59:59,1310.37,1310.86,1314.73,1308.54,1296.231076168196,1283.8932298290595,1274.5656619522051,7.517116236720704,False,Buy,1310.37,1287.5123936967484,1356.0852126065029,1.0,,1310.37
34,2023-01-09 14:59:59,1308.01,1308.8,1311.65,1307.58,1301.0617621264396,1288.7873224947316,1277.9488962607288,7.149044102070419,False,Buy,1308.02,1285.8623190548494,1352.335361890301,1.0,,1308.02
35,2023-01-09 16:59:59,1311.93,1310.16,1318.7,1308.34,1304.960325236982,1293.2157789500761,1281.253516752753,7.268359455356646,True,Buy,1311.92,1290.8283771442325,1354.1032457115352,1.0,,1311.92
36,2023-01-09 17:59:59,1310.16,1317.25,1325.0,1309.47,1307.6913640732082,1295.7456969553314,1283.0994902526118,7.858476637116884,False,Buy,1310.16,1288.3549216339302,1353.7701567321399,1.0,,1310.16
37,2023-01-09 19:59:59,1322.76,1318.27,1324.24,1317.24,1312.6483560442866,1300.6619014406947,1286.833163810536,8.009502814656901,True,Buy,1322.77,1298.5085293680315,1371.2929412639369,1.0,,1322.77
38,2023-01-09 20:59:59,1318.28,1319.88,1322.45,1315.44,1314.255388034445,1302.6848591837793,1288.5278733587138,7.938109756467122,False,Buy,1318.27,1294.2414915560294,1366.3270168879415,1.0,,1318.27
39,2023-01-09 23:59:59,1326.05,1335.68,1341.86,1323.19,1321.7711633687445,1309.7824600043605,1294.204769959691,9.273333503993523,False,Buy,1326.06,1300.4084609870977,1377.3630780258043,1.0,,1326.06
40,2023-01-10 01:59:59,1337.9,1341.56,1344.51,1336.48,1328.9563827786233,1315.775653576898,1298.7591124752248,9.18032327640258,True,Buy,1337.9,1310.093570953161,1393.5128580936782,1.0,,1337.9
41,2023-01-10 02:59:59,1341.56,1334.99,1344.91,1331.33,1330.297186605596,1317.7982163582772,1300.6171067072644,9.494585899516693,True,Buy,1341.56,1314.0190301707921,1396.6419396584154,1.0,,1341.56
42,2023-01-10 03:59:59,1335.0,1330.12,1335.46,1330.11,1330.2578118043525,1319.0952462153007,1302.1300755940713,9.198544049551225,False,Buy,1334.99,1306.50624230145,1391.9575153971002,1.0,,1334.99
43,2023-01-10 09:59:59,1327.42,1324.64,1329.45,1322.6,1324.7167836146823,1320.8238717815448,1307.6297628695602,8.936833165452727,False,Buy,1327.42,1300.1279236193068,1382.0041527613869,1.0,,1327.42
44,2023-01-10 12:59:59,1324.71,1328.15,1328.38,1323.0,1325.0138501781014,1321.997801729513,1310.1422077012733,8.616899586187921,False,Buy,1324.71,1298.1123244138544,1377.9053511722911,1.0,,1324.71
45,2023-01-10 17:59:59,1328.31,1329.89,1331.96,1326.83,1326.590197970217,1324.0940476088642,1313.9961792328263,7.727563976420671,False,Buy,1328.31,1304.5278702300254,1375.8742595399488,1.0,,1328.31
46,2023-01-10 20:59:59,1329.32,1325.63,1330.16,1324.85,1327.8138242850268,1325.5633030911722,1316.2510276080234,7.282732527768313,False,Buy,1329.32,1307.0165564487486,1373.9268871025029,1.0,,1329.32
47,2023-01-10 22:59:59,1328.29,1332.12,1337.0,1324.58,1328.8513258020535,1326.5093479040133,1317.6500570646836,7.560621414249218,False,Buy,1328.28,1306.7195308155026,1371.400938368995,1.0,,1328.28
48,2023-01-11 01:59:59,1330.27,1331.95,1332.54,1329.0,1330.4732301098825,1328.0649374912402,1319.7506586506415,7.506634565271695,False,Buy,1330.27,1306.8347190968145,1377.140561806371,1.0,,1330.27
49,2023-01-11 03:59:59,1341.08,1339.48,1344.04,1338.5,1334.3080033998056,1330.492318379414,1321.800139179966,7.579292048627123,False,Buy,1341.08,1317.871517996743,1387.4969640065137,1.0,,1341.08
50,2023-01-11 05:59:59,1341.97,1339.01,1343.21,1338.76,1336.6789156369193,1332.470858758035,1323.6644908201008,7.689440592948908,False,Buy,1341.98,1318.1641150073958,1389.6117699852084,1.0,,1341.98
51,2023-01-11 09:59:59,1337.75,1337.92,1341.5,1335.0,1336.7654833781808,1333.9570096479451,1326.1054039588175,7.140146105144065,False,Buy,1337.75,1316.1818356603037,1380.8863286793924,1.0,,1337.75
52,2023-01-11 15:59:59,1333.51,1335.52,1335.7,1332.73,1333.6062298805693,1333.1416285321757,1327.7310781177428,6.354509392295136,False,Buy,1333.51,1313.6654311941234,1373.1991376117533,1.0,,1333.51
53,2023-01-12 07:59:59,1349.33,1389.39,1398.0,1349.32,1350.8608987959358,1342.0250359822667,1335.2553458265538,10.642360708691383,True,Buy,1349.32,1326.1708346334585,1395.6183307330828,1.0,,1349.32
54,2023-01-12 08:59:59,1389.4,1415.23,1418.77,1386.0,1365.16514350795,1349.7308216683439,1339.3566101431406,12.222906372356283,False,Buy,1389.39,1357.462917873926,1453.2441642521485,1.0,,1389.39
55,2023-01-12 10:59:59,1401.46,1399.59,1408.5,1396.93,1379.0882966899944,1359.8511564048513,1345.466968629822,12.645669270041903,False,Buy,1401.46,1363.2747608198647,1477.8304783602707,1.0,,1401.46
56,2023-01-12 12:59:59,1400.99,1403.48,1404.84,1400.48,1388.2941547877745,1368.3182387839393,1351.1433136451192,11.516878095087154,False,Buy,1400.99,1364.7877784620262,1473.394443075948,1.0,,1400.99
57,2023-01-12 14:59:59,1395.13,1398.93,1401.75,1395.02,1391.8409084518635,1374.0666786940678,1355.734448639164,11.185114275865956,False,Buy,1395.14,1360.5565538779717,1464.306892244057,1.0,,1395.14
58,2023-01-12 16:59:59,1398.44,1400.33,1400.34,1394.86,1394.8696853597692,1379.1277289268298,1360.099605645638,10.41777710521095,True,Buy,1398.45,1366.0571816600877,1463.2356366798247,1.0,,1398.45
59,2023-01-12 17:59:59,1400.34,1400.03,1403.11,1399.5,1396.016421946487,1381.3279679871634,1362.147318176631,9.931507311981589,False,Buy,1400.33,1369.0766686843672,1462.8366626312657,1.0,,1400.33
60,2023-01-12 22:59:59,1405.14,1381.0,1407.98,1372.42,1395.2141845527376,1387.552831216502,1370.0539564788555,13.51035886161192,True,Buy,1405.15,1369.7073021394078,1476.0353957211848,1.0,,1405.15
61,2023-01-13 04:59:59,1425.86,1433.42,1434.99,1423.09,1414.7496758030431,1401.7983412085255,1382.2813963555886,15.6049912167839,True,Buy,1425.86,1378.1900283765442,1521.1999432469113,1.0,,1425.86
62,2023-01-13 05:59:59,1433.41,1426.14,1438.0,1422.83,1417.2808589579226,1404.3606210813123,1384.5305555168406,15.573920415585054,True,Buy,1433.42,1386.6050263496484,1527.0499473007035,1.0,,1433.42
63,2023-01-13 06:59:59,1426.15,1422.54,1427.19,1415.84,1418.449556967273,1406.2742399148583,1386.4797577980282,15.272211814471845,False,Buy,1426.14,1379.4182387532449,1519.5835224935104,1.0,,1426.14
64,2023-01-13 23:59:59,1409.61,1421.98,1424.48,1408.78,1411.9706272276599,1410.2504113633747,1400.7852368054544,10.68013955057387,False,Buy,1409.62,1378.7380106827613,1471.3839786344772,1.0,,1409.62
65,2023-01-14 02:59:59,1417.12,1416.32,1425.28,1415.86,1413.786756020696,1411.6559397912613,1402.8790239199357,11.117644530834834,False,Buy,1417.12,1383.375302284995,1484.6093954300095,1.0,,1417.12
66,2023-01-14 07:59:59,1453.38,1451.2,1456.91,1442.0,1436.375337574554,1425.1246701380683,1411.9900448105498,13.422412073070864,False,Buy,1453.35,1413.4260533023864,1533.197893395227,1.0,,1453.35
67,2023-01-14 08:59:59,1451.21,1540.62,1599.98,1449.14,1459.540818113542,1437.2820732814293,1418.586452768983,23.23795406785151,False,Sell,,,,-61.0,1533.197893395227,-93525.0715
68,2023-01-14 10:59:59,1551.74,1557.75,1560.0,1549.69,1497.3007418217726,1460.742878610341,1432.2012582779341,22.403542027892367,False,Buy,1551.74,1481.7385565252707,1691.7428869494584,1.0,,1551.74
69,2023-01-14 13:59:59,1553.23,1546.63,1554.26,1541.28,1525.8313229696405,1486.528275639686,1449.6756117863113,20.046611456005646,False,Buy,1553.23,1491.4594091421357,1676.7711817157287,1.0,,1553.23
70,2023-01-14 15:59:59,1556.56,1553.43,1557.47,1549.68,1537.277220068054,1500.1672899165355,1460.1969970647335,18.533302735025266,False,Buy,1556.57,1498.4908680868414,1672.728263826317,1.0,,1556.57
71,2023-01-14 21:59:59,1538.68,1533.35,1540.28,1529.41,1534.553556582549,1516.7887823655246,1480.3599877171282,19.999301686205456,True,Buy,1538.67,1476.5653330137977,1662.8793339724045,1.0,,1538.67
72,2023-01-15 05:59:59,1534.97,1538.61,1541.56,1531.12,1532.9715019683063,1525.3927775016336,1497.693592353607,17.00939917761179,False,Buy,1534.97,1482.4257872723313,1640.0584254553378,1.0,,1534.97
73,2023-01-15 16:59:59,1529.16,1523.03,1530.78,1518.76,1527.524876949267,1527.7625085723848,1511.767545142298,13.863624634176409,True,Buy,1529.16,1487.1436742588148,1613.1926514823708,1.0,,1529.16
74,2023-01-15 18:59:59,1532.74,1532.04,1533.14,1527.49,1529.4296169199272,1528.6815650344024,1513.8275143325482,13.23955389375415,False,Buy,1532.74,1491.2699028047944,1615.6801943904113,1.0,,1532.74
75,2023-01-16 01:59:59,1545.25,1551.36,1566.66,1545.25,1542.3152001961726,1536.4801080526609,1522.5843129756436,14.150632161650273,False,Buy,1545.25,1504.473342246976,1626.803315506048,1.0,,1545.25
76,2023-01-16 04:59:59,1550.14,1553.68,1554.55,1546.08,1546.9416099688437,1540.5379050681909,1526.6872119414566,14.097696377239673,False,Buy,1550.15,1506.5582117043027,1637.3335765913948,1.0,,1550.15
77,2023-01-16 08:59:59,1552.52,1557.06,1560.4,1540.54,1552.105109820941,1545.7003782137979,1532.0328532430317,14.228931336691554,True,Buy,1552.52,1511.1326833737658,1635.2946332524684,1.0,,1552.52
78,2023-01-16 09:59:59,1557.06,1568.02,1577.92,1553.83,1555.641752082954,1548.0498120860298,1533.8783479485173,14.933293384070739,False,Buy,1557.06,1514.3732059899253,1642.4335880201493,1.0,,1557.06
79,2023-01-16 12:59:59,1569.19,1572.32,1573.77,1567.44,1563.9559684011704,1554.6560004051123,1539.3503723703407,14.416893427406483,True,Buy,1569.19,1524.0731135422252,1659.4237729155498,1.0,,1569.19
80,2023-01-16 13:59:59,1572.33,1576.03,1577.2,1571.0,1566.6390865342437,1556.905895099311,1541.2313789154514,13.829972468306023,False,Buy,1572.32,1529.0693197177804,1658.821360564439,1.0,,1572.32
81,2023-01-16 15:59:59,1571.2,1565.95,1571.33,1562.25,1567.274262224419,1559.2041653288115,1543.9570399311328,13.182272179304684,False,Buy,1571.2,1530.7065052668618,1652.1869894662764,1.0,,1571.2
82,2023-01-17 05:59:59,1587.02,1579.58,1587.58,1574.0,1571.355662609581,1562.7255608917474,1552.252363465486,15.875790258321308,False,Buy,1587.02,1538.8628314731156,1683.3343370537684,1.0,,1587.02
83,2023-01-17 14:59:59,1570.07,1559.7,1570.53,1558.16,1565.7599703316455,1564.7792221553884,1557.6129937386063,14.515897091710835,False,Buy,1570.06,1526.0171017037035,1658.1457965925931,1.0,,1570.06
84,2023-01-17 17:59:59,1569.11,1565.12,1572.03,1562.86,1565.8727981121458,1565.1025395027589,1558.8221273426998,13.361110025688305,False,Buy,1569.11,1528.0594906862377,1651.2110186275243,1.0,,1569.11
85,2023-01-17 23:59:59,1580.92,1571.4,1587.89,1560.97,1570.7349416870281,1568.133290075768,1562.1060399274818,15.342261734585302,False,Buy,1580.93,1537.5750005498014,1667.6399989003974,1.0,,1580.93
86,2023-01-18 02:59:59,1579.1,1595.66,1599.14,1575.86,1578.1706790104947,1572.5656792742743,1565.2066956699662,15.634361891721557,False,Buy,1579.1,1533.9612923498225,1669.3774153003544,1.0,,1579.1
87,2023-01-18 05:59:59,1586.76,1580.85,1587.88,1576.03,1581.6862865577498,1576.1468351471804,1568.1488412780186,14.977614094793116,False,Buy,1586.76,1541.1054006168222,1678.0691987663554,1.0,,1586.76
88,2023-01-18 10:59:59,1581.09,1583.95,1587.72,1570.44,1578.298274283664,1576.0346764372387,1569.8386683661524,14.414627313206564,False,Buy,1581.09,1538.5073579111786,1666.2552841776424,1.0,,1581.09
89,2023-01-18 12:59:59,1582.0,1585.38,1585.85,1578.86,1580.513523949377,1577.5811675633295,1571.2278218233153,13.624653142509743,True,Buy,1582.01,1539.604966770353,1666.8200664592937,1.0,,1582.01
90,2023-01-18 13:59:59,1585.38,1587.26,1588.72,1583.5,1582.0127408495155,1578.5999920303473,1572.049984806735,13.02432077518762,False,Buy,1585.38,1544.506040572471,1667.1279188550586,1.0,,1585.38
91,2023-01-18 15:59:59,1582.05,1583.14,1584.1,1579.63,1582.2696827361265,1579.402819104627,1573.105226298764,12.043572505136252,False,Buy,1582.05,1544.1715349834058,1657.806930033188,1.0,,1582.05
92,2023-01-18 23:59:59,1593.64,1549.75,1602.7,1533.02,1576.9216758388384,1578.1550078717817,1574.6502901729946,16.729947284532894,False,Buy,1593.64,1555.66940108074,1669.5811978385204,1.0,,1593.64
93,2023-01-19 00:59:59,1549.63,1538.24,1549.96,1501.39,1568.325747874652,1573.9534280958048,1572.7830958051486,19.00423676420911,False,Stop,,,,-25.0,1555.66940108074,-38891.735
94,2023-01-20 12:59:59,1554.55,1546.92,1556.66,1545.98,1549.8158097120286,1545.0336933956996,1544.5677301239139,11.955511963120955,False,Buy,1554.54,1518.3791151960706,1626.8617696078584,1.0,,1554.54
95,2023-01-20 16:59:59,1550.32,1551.96,1553.04,1545.26,1549.4720742445634,1546.4287047068565,1545.365808324813,11.02635873538884,True,Buy,1550.33,1516.5017640856668,1617.9864718286663,1.0,,1550.33
96,2023-01-20 17:59:59,1551.95,1552.55,1555.85,1548.44,1550.1560577457717,1547.0730515798189,1545.7342284107199,10.76804739714677,False,Buy,1551.96,1518.8809237938335,1618.118152412333,1.0,,1551.96
97,2023-01-20 21:59:59,1558.11,1554.16,1562.7,1552.58,1552.5970270762991,1549.486473714889,1547.2468161723002,10.101036071165899,False,Buy,1558.11,1527.8112680777717,1618.7074638444565,1.0,,1558.11
98,2023-01-21 04:59:59,1600.49,1641.35,1644.39,1600.48,1593.782433126683,1574.6346941926718,1561.4255694790777,14.517634609975287,False,Sell,,,,-4.0,1618.7074638444565,-6474.8299
99,2023-01-21 06:59:59,1636.83,1651.94,1669.9,1635.97,1614.1466570766354,1588.629824436793,1569.7359267697946,15.974031883090936,False,Buy,1636.83,1593.051589300783,1724.3868213984335,1.0,,1636.83
100,2023-01-21 08:59:59,1658.53,1654.71,1676.61,1653.21,1630.83019995994,1602.1680865989836,1578.4131122602555,16.296588715522272,True,Buy,1658.52,1611.2694826113895,1753.0210347772208,1.0,,1658.52
101,2023-01-21 09:59:59,1654.7,1652.26,1658.17,1652.23,1635.59237774662,1607.4409195885642,1582.200132144345,15.556832378699257,False,Buy,1654.71,1605.8202338534331,1752.4895322931336,1.0,,1654.71
102,2023-01-21 13:59:59,1650.46,1646.02,1650.46,1645.42,1643.598524458106,1622.130648667187,1594.7690484779068,13.635113222824595,True,Buy,1650.45,1607.5611726647205,1736.2276546705589,1.0,,1650.45
103,2023-01-21 14:59:59,1646.03,1652.96,1654.33,1645.04,1645.6788523563048,1625.375843544325,1597.753199838014,13.324747992622836,False,Buy,1646.02,1605.1146603315262,1727.8306793369475,1.0,,1646.02
104,2023-01-21 18:59:59,1662.28,1641.25,1679.26,1616.21,1648.3554708897252,1634.3147301560423,1607.749202370673,16.523407887788956,True,Buy,1662.28,1623.4466822086818,1739.9466355826364,1.0,,1662.28
105,2023-01-21 21:59:59,1658.58,1650.54,1658.59,1645.5,1650.4330130523674,1639.381310578311,1614.2306729324782,16.210549245434528,True,Buy,1658.59,1609.23822551475,1757.2935489705,1.0,,1658.59
106,2023-01-21 22:59:59,1650.54,1649.01,1654.0,1646.72,1650.1167879296192,1640.3948568332257,1616.01422816671,15.572652870760631,False,Buy,1650.54,1601.9083522636963,1747.803295472607,1.0,,1650.54
107,2023-01-22 01:59:59,1657.78,1655.34,1661.49,1647.27,1652.2162390395877,1644.18298755236,1621.5046625757068,15.993563541203041,False,Buy,1657.77,1609.380025482267,1754.5499490354657,1.0,,1657.77
108,2023-01-22 06:59:59,1663.26,1628.96,1663.67,1625.99,1651.1028259502846,1647.8032872664344,1628.9025755384014,16.696701612244713,True,Buy,1663.27,1618.0221947912094,1753.7656104175812,1.0,,1663.27
109,2023-01-22 10:59:59,1623.88,1615.68,1625.57,1604.0,1633.4510051983893,1639.2732661334696,1628.041542634381,17.28174054423474,False,Stop,,,,-10.0,1618.0221947912094,-16180.2219
110,2023-01-23 02:59:59,1656.64,1646.56,1659.7,1646.02,1640.5762342999935,1636.9409986206467,1631.6805472711378,14.812163543136021,True,Buy,1656.63,1611.9322408606376,1746.025518278725,1.0,,1656.63
111,2023-01-23 03:59:59,1646.55,1635.1,1648.14,1632.41,1639.3592933444393,1636.7472092921575,1631.8559038213357,14.877723290054877,False,Buy,1646.56,1602.1235093705918,1735.432981258816,1.0,,1646.56
112,2023-01-23 13:59:59,1636.0,1632.2,1636.73,1631.38,1633.6820734439598,1633.6758432449822,1631.7256251405443,12.941588287900858,True,Buy,1635.99,1595.4133301467818,1717.1433397064363,1.0,,1635.99
113,2023-01-23 15:59:59,1637.18,1633.3,1638.0,1627.88,1634.201748132766,1633.966312182271,1632.0717296629882,12.318767452322666,False,Buy,1637.18,1599.716289769419,1712.1074204611618,1.0,,1637.18
114,2023-01-23 20:59:59,1636.66,1635.24,1639.01,1630.0,1635.076300036705,1634.504047930306,1632.778879563407,10.578411122737617,False,Buy,1636.67,1604.5728256034631,1700.864348793074,1.0,,1636.67
115,2023-01-23 22:59:59,1622.57,1599.13,1648.09,1585.29,1624.9266506394883,1629.6564815840954,1630.5566115202523,15.145670815013558,False,Stop,,,,-5.0,1604.5728256034631,-8022.8641
116,2023-01-24 15:59:59,1636.47,1635.77,1636.96,1633.25,1635.316689003594,1633.021849832641,1631.649292373453,10.83263090453767,False,Buy,1636.47,1602.3284232314936,1704.7531535370126,1.0,,1636.47
117,2023-01-25 05:59:59,1615.27,1599.01,1621.5,1588.8,1614.7179273259394,1620.1510289232508,1624.4994386615983,13.003858135902007,False,Stop,,,,-1.0,1602.3284232314936,-1602.3284
118,2023-01-26 13:59:59,1616.14,1619.59,1620.76,1615.0,1610.0814850783,1594.4961542710364,1589.1586859693161,17.12897664346416,False,Buy,1616.14,1562.129460074962,1724.1610798500762,1.0,,1616.14
119,2023-01-26 15:59:59,1613.24,1604.68,1613.39,1604.0,1609.4253428251445,1597.3325445549294,1591.1257732360245,17.07171965686452,False,Buy,1613.23,1560.242136493207,1719.205727013586,1.0,,1613.23
120,2023-01-26 21:59:59,1616.04,1617.86,1618.56,1592.89,1610.7078827528085,1603.497117673281,1596.1200739981853,15.999988501978143,False,Buy,1616.05,1570.2815756089935,1707.5868487820126,1.0,,1616.05
121,2023-01-27 06:59:59,1603.13,1601.78,1609.47,1600.32,1602.7003491725727,1601.8130442234537,1597.7330044889013,15.435153304266601,False,Buy,1603.12,1555.3641200939078,1698.631759812184,1.0,,1603.12
122,2023-01-28 05:59:59,1599.12,1599.3,1605.56,1596.03,1596.113372181214,1590.8560572615452,1589.9076246402194,15.22887902438446,False,Buy,1599.12,1552.1182369981425,1693.123526003715,1.0,,1599.12
123,2023-01-28 08:59:59,1597.61,1604.24,1606.83,1594.21,1597.7530955530265,1593.077552023031,1591.1578083059565,14.331606128488579,False,Buy,1597.62,1554.230195584883,1684.3996088302338,1.0,,1597.62
124,2023-01-28 12:59:59,1598.96,1599.49,1602.93,1598.47,1597.8477491880533,1594.7172191934958,1592.3682578775508,12.262496944912595,True,Buy,1598.96,1560.3719329472056,1676.136134105589,1.0,,1598.96
125,2023-01-28 13:59:59,1599.5,1600.17,1603.39,1596.48,1598.3638049240415,1595.2911961204964,1592.7683472171634,11.880175734561702,False,Buy,1599.49,1562.7025091652622,1673.0649816694756,1.0,,1599.49
126,2023-01-29 04:59:59,1577.12,1561.32,1577.59,1560.0,1574.1869703393108,1580.4614149517479,1585.176755569091,10.493225014568226,True,Stop,,,,-8.0,1562.7025091652622,-12501.6201
127,2023-01-29 15:59:59,1593.96,1592.58,1595.42,1588.45,1591.4930400468252,1587.385448507565,1586.7688672587647,11.503002789329313,False,Buy,1593.97,1558.4149140652437,1665.0801718695125,1.0,,1593.97
128,2023-01-29 18:59:59,1600.99,1611.85,1615.85,1600.99,1597.5193864692194,1591.501068452787,1588.9173410417943,11.646183355742163,False,Buy,1600.99,1566.7930999276023,1669.3838001447955,1.0,,1600.99
129,2023-01-29 21:59:59,1610.61,1612.83,1626.64,1609.75,1604.740150286615,1597.0282503730198,1592.1301656432174,12.770056425862077,False,Buy,1610.62,1573.2605869318302,1685.3388261363393,1.0,,1610.62
130,2023-01-30 02:59:59,1617.74,1629.37,1633.31,1614.05,1615.292880249744,1606.1534628744184,1598.1156060132616,12.621493370559152,False,Buy,1617.75,1581.417482956655,1690.41503408669,1.0,,1617.75
131,2023-01-30 05:59:59,1635.68,1643.37,1647.11,1632.97,1630.2405458513886,1616.8720605193203,1604.8369408012566,14.87168765857085,False,Buy,1635.68,1590.8960860261557,1725.2478279476886,1.0,,1635.68
132,2023-01-30 07:59:59,1643.03,1644.72,1654.4,1641.47,1635.6669968730623,1622.2661093908132,1608.7399158165156,14.051047011726906,False,Buy,1643.02,1600.608155808267,1727.843688383466,1.0,,1643.02
133,2023-01-30 10:59:59,1638.29,1635.8,1638.58,1631.48,1637.5514676645548,1627.2076156053456,1613.2892900395143,13.36495272768367,False,Buy,1638.3,1596.7593834951758,1721.3812330096484,1.0,,1638.3
134,2023-01-30 12:59:59,1637.97,1636.37,1641.37,1634.99,1637.362986611891,1629.1866507200689,1615.6741736121598,12.26345413764562,True,Buy,1637.98,1599.8319174014525,1714.2761651970948,1.0,,1637.98
135,2023-01-30 17:59:59,1619.92,1587.79,1620.43,1581.6,1621.0522754997723,1624.2816721106244,1616.4370827594946,13.744006268089302,False,Stop,,,,-8.0,1599.8319174014525,-12798.6553
136,2023-02-02 06:59:59,1635.24,1637.89,1647.77,1635.23,1612.5929263377334,1597.8828043459355,1590.5851124237113,16.096084895645046,True,Buy,1635.23,1586.1211103371468,1733.4477793257065,1.0,,1635.23
137,2023-02-02 07:59:59,1637.89,1641.68,1647.33,1637.16,1619.0567204849037,1602.493035467416,1593.2053630686491,15.672793117384673,False,Buy,1637.89,1589.601745313065,1734.4665093738704,1.0,,1637.89
138,2023-02-02 10:59:59,1675.64,1670.22,1678.0,1666.59,1650.0774693090834,1624.0952184358382,1605.748135934798,18.075636471900204,False,Buy,1675.63,1619.8648667830917,1787.1602664338168,1.0,,1675.63
139,2023-02-02 13:59:59,1672.83,1670.0,1676.76,1670.0,1661.2656131317087,1637.4799049679655,1615.324142172075,15.83139698570144,True,Buy,1672.82,1623.232409738503,1771.995180522994,1.0,,1672.82
140,2023-02-02 14:59:59,1670.01,1666.54,1671.35,1660.17,1662.43769910244,1640.5388623397587,1617.9505964196608,15.499154343865612,False,Buy,1670.0,1622.5058090428956,1764.9883819142087,1.0,,1670.0
141,2023-02-02 17:59:59,1669.92,1674.22,1674.34,1665.4,1666.5892054761825,1648.8471250437724,1625.5003246926794,14.115397993248063,True,Buy,1669.93,1626.3894834064295,1757.0110331871415,1.0,,1669.93
142,2023-02-02 18:59:59,1674.23,1668.93,1674.76,1667.41,1667.109382037031,1650.96111188127,1627.7274875289522,13.632155279444623,False,Buy,1674.22,1631.8738060202559,1758.9123879594883,1.0,,1674.22
143,2023-02-02 21:59:59,1676.71,1672.62,1676.8,1669.16,1670.6494348953383,1657.4381779665664,1634.455809197795,12.189119952237556,True,Buy,1676.71,1639.0928432312326,1751.944313537535,1.0,,1676.71
144,2023-02-02 22:59:59,1672.63,1656.57,1690.0,1650.0,1667.520671585263,1657.3467908121909,1635.5898702645745,14.175611384220588,False,Buy,1672.62,1636.0526401432871,1745.7547197134252,1.0,,1672.62
145,2023-02-03 00:59:59,1678.15,1672.28,1684.31,1672.28,1670.4137396009617,1660.877070761006,1639.5415729074311,15.244379203741214,False,Buy,1678.14,1631.6650825725285,1771.0898348549433,1.0,,1678.14
146,2023-02-04 01:59:59,1657.07,1660.99,1674.23,1655.99,1654.662671550052,1652.1621593732618,1648.213659662965,17.089917556762465,True,Buy,1657.07,1606.0656509704597,1759.0786980590806,1.0,,1657.07
147,2023-02-04 02:59:59,1660.98,1657.08,1662.8,1651.31,1655.1998556500405,1652.6798268076552,1648.6683437828128,16.689923445565146,True,Buy,1660.99,1609.7202473297127,1763.5295053405748,1.0,,1660.99
148,2023-02-04 03:59:59,1657.09,1652.91,1660.0,1650.74,1654.6909988389204,1652.7040555647443,1648.8858646144633,16.159214628024777,False,Buy,1657.08,1607.0102296633045,1757.2195406733908,1.0,,1657.08
149,2023-02-04 05:59:59,1655.74,1657.32,1658.6,1651.81,1655.456530161816,1653.475878277593,1649.6518531605525,15.696975878245851,False,Buy,1655.74,1606.5936163933595,1754.032767213281,1.0,,1655.74
150,2023-02-04 09:59:59,1662.04,1657.0,1664.31,1655.73,1659.2485671267366,1656.5344276795208,1652.0398948109041,14.200867556710213,False,Buy,1662.03,1618.1302740475517,1749.8294519048968,1.0,,1662.03
151,2023-02-04 18:59:59,1657.77,1660.2,1662.73,1657.16,1656.6662334801438,1656.050765375157,1653.3654198364125,10.638255494971386,False,Buy,1657.77,1624.6856360931693,1723.9387278136612,1.0,,1657.77
152,2023-02-04 23:59:59,1681.42,1679.97,1681.68,1675.45,1671.2381287761143,1664.4831868407823,1658.4305915234904,11.036800547194659,False,Buy,1681.42,1647.2003366936788,1749.8593266126425,1.0,,1681.42
153,2023-02-05 02:59:59,1681.36,1678.92,1682.92,1672.66,1675.939750576416,1668.9420756595368,1661.6155591368595,10.914070992050537,True,Buy,1681.36,1648.4668475641442,1747.146304871711,1.0,,1681.36
154,2023-02-05 03:59:59,1678.91,1675.93,1679.48,1674.57,1675.937583781657,1669.6776466427434,1662.349633027277,10.485208778332646,False,Buy,1678.92,1646.1777870238484,1744.4044259523032,1.0,,1678.92
155,2023-02-05 06:59:59,1680.06,1680.0,1689.0,1677.48,1677.9628137683242,1672.5266916395683,1664.8844765038293,10.218058923468243,False,Buy,1680.05,1649.6962711703334,1740.7574576593333,1.0,,1680.05
156,2023-02-05 20:59:59,1662.6,1648.2,1664.58,1635.93,1662.477643510737,1665.4296897951447,1664.4156177738137,10.096073401486006,False,Stop,,,,-20.0,1649.6962711703334,-32993.9254
157,2023-02-08 05:59:59,1665.12,1667.52,1674.2,1664.0,1654.2491596209254,1646.5079097947992,1642.287705142995,15.544761617432956,False,Buy,1665.12,1617.252308620601,1760.8553827587975,1.0,,1665.12
158,2023-02-08 07:59:59,1665.32,1671.03,1677.82,1665.31,1659.8899854496956,1650.8600164285233,1644.8817543331756,15.154564864011073,True,Buy,1665.31,1619.2360212085796,1757.4579575828407,1.0,,1665.31
159,2023-02-08 08:59:59,1671.03,1687.48,1690.0,1668.08,1666.0210997942077,1654.7147515413103,1647.0662797519872,15.63781023086743,False,Buy,1671.03,1625.5663054079669,1761.9573891840664,1.0,,1671.03
160,2023-02-08 10:59:59,1682.07,1676.56,1683.94,1676.5,1671.1352332088418,1659.5897041424896,1650.2812997899214,15.125356780696922,False,Buy,1682.06,1634.9103857854407,1776.3592284291185,1.0,,1682.06
161,2023-02-08 12:59:59,1680.97,1679.41,1682.94,1678.33,1674.6739065090524,1663.6897077484196,1653.2681521449058,13.901659673151945,False,Buy,1680.97,1637.1207918252014,1768.6684163495972,1.0,,1680.97
162,2023-02-08 14:59:59,1675.82,1674.27,1677.83,1671.93,1674.782239740044,1665.94588792048,1655.4423670521865,12.965869820217746,False,Buy,1675.82,1635.2918051962195,1756.876389607561,1.0,,1675.82
163,2023-02-08 16:59:59,1677.67,1673.34,1677.91,1669.41,1674.9608610773103,1667.8284255097471,1657.4416176820796,12.228632651106123,True,Buy,1677.67,1640.1236483579648,1752.7627032840703,1.0,,1677.67
164,2023-02-09 10:59:59,1651.59,1632.4,1652.07,1631.51,1648.1134185202197,1654.0633686616159,1655.6274268810544,12.350934832225866,False,Stop,,,,-7.0,1640.1236483579648,-11480.8655
165,2023-02-15 00:59:59,1544.84,1539.7,1554.29,1534.02,1527.7637267696093,1515.6658160245904,1510.7087550361957,18.0248282183377,False,Buy,1544.83,1491.2736319099859,1651.942736180028,1.0,,1544.83
166,2023-02-15 02:59:59,1545.84,1550.7,1553.73,1545.4,1535.9849705149488,1522.1955147676085,1514.4688005552607,16.675387596423835,False,Buy,1545.84,1493.8879785346305,1649.7440429307385,1.0,,1545.84
167,2023-02-15 06:59:59,1555.48,1554.54,1558.41,1551.06,1548.8314577360757,1534.532461145214,1522.4844579989062,15.096798863532426,False,Buy,1555.48,1508.4018805947414,1649.6362388105172,1.0,,1555.48
168,2023-02-15 08:59:59,1555.7,1549.9,1557.43,1547.56,1550.257795420589,1538.144657260296,1525.5068790272862,14.367494938453989,True,Buy,1555.71,1511.5696317373026,1643.990736525395,1.0,,1555.71
169,2023-02-15 18:59:59,1550.98,1555.89,1560.31,1549.33,1550.3806907449402,1545.8506125143217,1535.2555184251278,10.269628660642159,False,Buy,1550.98,1520.3350458656178,1612.2699082687648,1.0,,1550.98
170,2023-02-15 22:59:59,1577.76,1572.15,1580.82,1566.86,1566.9051392285628,1556.9229133279262,1543.1365703500348,12.253291185355085,False,Buy,1577.75,1541.3839823242374,1650.4820353515252,1.0,,1577.75
171,2023-02-16 00:59:59,1579.5,1576.08,1589.8,1576.07,1571.120886693822,1561.065822581082,1546.5951379416156,12.35589903227046,True,Buy,1579.5,1542.7494031265107,1653.0011937469783,1.0,,1579.5
172,2023-02-16 01:59:59,1576.08,1581.05,1583.3,1573.47,1573.327356317417,1563.169420204126,1548.3620539446097,12.175477672822565,True,Buy,1576.08,1539.0123029031886,1650.2153941936226,1.0,,1576.08
173,2023-02-16 02:59:59,1581.04,1591.4,1596.26,1577.5,1577.343499357991,1566.1410601826392,1550.5691281012962,12.645800696192381,False,Buy,1581.05,1544.5235669815322,1654.1028660369354,1.0,,1581.05
174,2023-02-16 04:59:59,1628.54,1665.83,1680.0,1624.25,1605.8559440560684,1582.5115412542457,1560.2733966934086,17.59867509008424,True,Sell,,,,-9.0,1654.1028660369354,-14886.9258
175,2023-02-16 05:59:59,1665.83,1665.8,1675.75,1660.83,1619.176845376942,1591.2787474380093,1565.6850173757978,17.407341155078225,False,Buy,1665.83,1613.0339747297471,1771.4220505405053,1.0,,1665.83
176,2023-02-16 08:59:59,1674.92,1685.72,1712.24,1672.53,1649.8637283460785,1615.3756358307246,1581.7752859140626,18.384649605578293,True,Buy,1674.92,1624.6872858896702,1775.3854282206598,1.0,,1674.92
177,2023-02-16 09:59:59,1685.72,1693.71,1694.68,1685.0,1659.6073442691722,1623.6213583748588,1587.5155276620592,17.762888919465563,False,Buy,1685.72,1630.5660511832652,1796.0278976334698,1.0,,1685.72
178,2023-02-16 11:59:59,1692.7,1691.42,1694.49,1690.81,1672.398269989993,1637.2650209704548,1597.9619049108212,16.090858303008577,True,Buy,1692.71,1641.573380867203,1794.9832382655939,1.0,,1692.71
179,2023-02-16 12:59:59,1691.41,1694.21,1695.99,1686.59,1677.245321103328,1643.2592292893544,1602.8977046589841,15.612939852793685,True,Buy,1691.42,1643.1474250909744,1787.9651498180515,1.0,,1691.42
180,2023-02-16 13:59:59,1694.23,1693.26,1697.51,1692.65,1680.8041386359218,1648.5224683115275,1607.531668522626,14.844872720451272,True,Buy,1694.21,1647.371180441619,1787.887639116762,1.0,,1694.21
181,2023-02-16 14:59:59,1693.26,1684.98,1696.84,1683.04,1681.7321078279392,1652.3601032261035,1611.503377829158,14.77023895470475,False,Buy,1693.26,1648.7253818386462,1782.3292363227076,1.0,,1693.26
182,2023-02-16 21:59:59,1687.29,1675.49,1695.68,1668.02,1682.5539136835184,1669.0664648569252,1633.667842330261,13.831454420235886,True,Buy,1687.3,1648.9968395653918,1763.9063208692164,1.0,,1687.3
183,2023-02-17 02:59:59,1715.69,1716.69,1721.9,1712.19,1704.5030718094956,1687.2967647304731,1651.5872523189967,18.648444855664025,True,Buy,1715.69,1657.6819473893931,1831.7061052212136,1.0,,1715.69
184,2023-02-17 03:59:59,1716.68,1710.85,1718.19,1706.83,1705.9135002962744,1689.7760526535812,1654.626367584689,18.127841651688033,True,Buy,1716.69,1660.7446654330079,1828.5806691339842,1.0,,1716.69
185,2023-02-17 04:59:59,1710.85,1685.0,1711.11,1680.0,1701.266055785991,1689.2733102689936,1656.183989759833,19.055138676567452,False,Buy,1710.85,1656.4664750449358,1819.6170499101281,1.0,,1710.85
186,2023-02-17 06:59:59,1683.09,1646.09,1684.89,1641.4,1685.86316954955,1684.1453370297481,1656.9753859179561,20.694685899693372,False,Stop,,,,-11.0,1656.4664750449358,-18221.1312
187,2023-02-18 02:59:59,1687.57,1695.57,1697.59,1685.47,1676.5175152538218,1671.3910701458651,1663.2523182596983,17.592774787813934,True,Buy,1687.58,1633.538727608601,1795.6625447827978,1.0,,1687.58
188,2023-02-18 03:59:59,1695.57,1706.03,1709.25,1685.87,1683.075845197417,1675.0372732884057,1665.4460455284318,18.006148017255803,False,Buy,1695.57,1642.7916756365582,1801.1266487268836,1.0,,1695.57
189,2023-02-18 05:59:59,1710.86,1693.26,1712.67,1690.78,1690.1429186996718,1680.3302824940422,1669.0823775992262,18.36341334140935,False,Buy,1710.87,1656.5935876662159,1819.422824667568,1.0,,1710.87
190,2023-02-18 10:59:59,1702.5,1695.53,1703.91,1694.81,1695.2023918201053,1687.5074400139672,1675.5728908837248,17.196814812600223,True,Buy,1702.51,1649.0510598362148,1809.4278803275706,1.0,,1702.51
191,2023-02-18 11:59:59,1695.53,1699.46,1699.85,1694.58,1696.148526971193,1688.7656042230233,1676.7978708384055,16.344899468843064,True,Buy,1695.53,1643.9395555621993,1798.7108888756013,1.0,,1695.53
192,2023-02-18 12:59:59,1699.45,1699.6,1703.99,1699.38,1696.9155209775945,1689.9060669363894,1677.9672107954102,15.506692363925694,True,Buy,1699.46,1650.4253015934707,1797.5293968130584,1.0,,1699.46
193,2023-02-18 13:59:59,1699.6,1698.44,1700.2,1696.02,1697.2542940936846,1690.8043756799273,1679.0170974212865,14.697642909359578,False,Buy,1699.6,1653.079922908223,1792.6401541835542,1.0,,1699.6
194,2023-02-18 22:59:59,1694.44,1696.24,1698.76,1690.61,1694.5740962922048,1692.7109305503777,1684.5421242773944,11.2578072831884,False,Buy,1694.44,1659.9493918543144,1763.4212162913711,1.0,,1694.44
195,2023-02-19 00:59:59,1695.5,1693.26,1696.23,1691.57,1694.4421076335561,1693.031409775787,1685.5223196158797,10.476935871728774,True,Buy,1695.5,1662.726822568261,1761.0463548634782,1.0,,1695.5
196,2023-02-19 02:59:59,1695.0,1693.58,1713.13,1687.52,1694.3452256054845,1693.2736216764613,1686.3961574977905,11.319960011847785,True,Buy,1694.99,1664.3278215001842,1756.3143569996319,1.0,,1694.99
197,2023-02-19 10:59:59,1693.52,1694.3,1698.06,1693.07,1692.875578909151,1692.3240449561265,1688.0437856909452,9.781003475875993,False,Buy,1693.53,1663.0813733856314,1754.427253228737,1.0,,1693.53
198,2023-02-19 12:59:59,1695.42,1697.72,1699.56,1694.0,1694.391893414178,1693.1836260175085,1688.8988708815934,9.137855037872672,False,Buy,1695.42,1667.1807760314884,1751.8984479370235,1.0,,1695.42
199,2023-02-19 20:59:59,1695.36,1696.99,1698.05,1694.51,1695.3163964039434,1694.5185414637383,1691.1671552580156,7.848017943851272,False,Buy,1695.36,1670.8217881814035,1744.4364236371928,1.0,,1695.36
200,2023-02-19 23:59:59,1704.44,1711.3,1723.85,1697.33,1700.4295802010324,1697.2768675042057,1693.0315068575712,9.214247603003363,False,Buy,1704.44,1680.7908923595276,1751.7382152809448,1.0,,1704.44
201,2023-02-20 07:59:59,1685.54,1679.75,1687.8,1676.57,1686.762800772967,1690.3319564551973,1690.574735697084,11.527551766897261,False,Stop,,,,-14.0,1680.7908923595276,-23531.0725
202,2023-02-20 18:59:59,1711.73,1711.23,1718.1,1706.37,1698.2048977199777,1693.2602731383247,1691.3636329691353,12.491160856025589,False,Buy,1711.73,1674.0808649266867,1787.028270146627,1.0,,1711.73
203,2023-02-20 21:59:59,1706.99,1705.82,1711.58,1703.31,1703.5079834265466,1697.6037850894577,1693.899457859802,12.4604921285307,False,Buy,1706.99,1668.6414869693624,1783.6870260612752,1.0,,1706.99
204,2023-02-20 23:59:59,1711.99,1707.23,1715.71,1704.36,1705.7993973814912,1699.9710634095659,1695.462733602938,12.761852906743318,True,Buy,1711.98,1673.3686290705216,1789.2027418589569,1.0,,1711.98
205,2023-02-21 00:59:59,1707.24,1700.6,1708.17,1684.32,1704.6439757411597,1700.0372672611907,1695.7261831617616,13.55386341340452,False,Buy,1707.23,1668.94444127977,1783.8011174404598,1.0,,1707.23
206,2023-02-21 04:59:59,1709.77,1703.77,1711.99,1701.21,1703.4950930886334,1700.8471552468282,1696.9269142721296,12.827502679879402,False,Buy,1709.76,1670.8049913419281,1787.670017316144,1.0,,1709.76
207,2023-02-21 08:59:59,1703.27,1705.12,1711.06,1698.06,1702.1441912064943,1700.8754166509643,1697.6530318686184,12.3412737932121,False,Buy,1703.27,1666.3981923603917,1777.0136152792165,1.0,,1703.27
208,2023-02-21 15:59:59,1707.56,1704.05,1707.76,1700.46,1702.9851023451688,1702.1005108939898,1699.3561152395932,11.028430368418679,True,Buy,1707.56,1673.6143018866474,1775.4513962267054,1.0,,1707.56
209,2023-02-21 16:59:59,1704.05,1675.68,1715.0,1672.0,1696.9173018240203,1699.3194044840961,1698.1419554837166,13.31211391353163,False,Buy,1704.05,1670.964708894744,1770.220582210512,1.0,,1704.05
210,2023-02-21 19:59:59,1680.48,1669.5,1683.74,1666.17,1686.282022668915,1693.137132851781,1695.1730917769464,13.494316424208796,True,Stop,,,,-8.0,1670.964708894744,-13367.7177
211,2023-02-23 18:59:59,1664.21,1665.74,1666.7,1660.81,1662.875042126381,1654.45008178312,1653.0951666206058,11.847324047870172,False,Buy,1664.2,1627.2832607684195,1738.0334784631611,1.0,,1664.2
212,2023-02-23 22:59:59,1656.0,1660.51,1670.41,1652.39,1656.4811425309313,1653.3949730328034,1652.6890264194508,15.411662123365796,False,Buy,1656.01,1610.3769377552796,1747.2761244894405,1.0,,1656.01
213,2023-02-24 23:59:59,1636.59,1602.94,1638.76,1599.43,1634.4393413953399,1642.006074539826,1646.4399312513576,13.343937403829441,True,Stop,,,,-2.0,1610.3769377552796,-3220.7539
214,2023-02-27 05:59:59,1641.75,1642.47,1649.0,1638.37,1625.4594421444344,1614.1730124965563,1609.2859916264804,10.142384272666378,False,Buy,1641.76,1611.4453738883087,1702.3892522233828,1.0,,1641.76
215,2023-02-27 08:59:59,1641.37,1637.47,1641.75,1635.47,1631.9629748361333,1620.8179079159618,1613.4112940854718,10.591048923851309,False,Buy,1641.36,1608.5919957844803,1706.8960084310393,1.0,,1641.36
216,2023-02-27 12:59:59,1640.68,1635.5,1641.08,1635.0,1636.6348517880742,1627.6174664639545,1618.4463516011522,10.147584295973491,False,Buy,1640.67,1609.2885738130087,1703.4328523739828,1.0,,1640.67
217,2023-02-27 16:59:59,1636.32,1634.21,1639.88,1632.13,1635.6339245760048,1630.2878961681995,1621.5984537592126,9.113352901845543,False,Buy,1636.33,1608.6753213940374,1691.639357211925,1.0,,1636.33
218,2023-02-27 19:59:59,1636.73,1641.23,1643.57,1636.54,1637.3275941420711,1632.6601857230446,1624.0786098596636,8.722068631689009,False,Buy,1636.74,1610.1833167283894,1689.8533665432212,1.0,,1636.74
219,2023-02-27 21:59:59,1639.59,1660.16,1665.22,1639.58,1642.7924952217468,1636.2075725040438,1626.6836008533064,9.674334687527784,True,Buy,1639.59,1614.2513802402948,1690.2672395194102,1.0,,1639.59
220,2023-02-27 22:59:59,1660.15,1658.61,1663.52,1654.07,1646.3074962835808,1638.5657227667762,1628.3208520915985,9.658310781275803,False,Buy,1660.16,1631.1369959374167,1718.2060081251668,1.0,,1660.16
221,2023-02-28 02:59:59,1632.79,1624.48,1635.17,1615.16,1637.7194327963537,1636.8767890915806,1629.4620332123625,12.29387219450275,False,Stop,,,,-7.0,1631.1369959374167,-11417.959
222,2023-02-28 22:59:59,1632.88,1634.91,1647.52,1628.81,1630.563634350981,1629.8893627437008,1628.8672388184118,9.860386463971816,False,Buy,1632.88,1605.3410591163988,1687.9578817672027,1.0,,1632.88
223,2023-03-01 00:59:59,1641.29,1635.57,1646.38,1634.02,1633.5318281876305,1631.5620106175334,1629.8158513756775,10.160945471485917,True,Buy,1641.3,1611.324637707507,1701.2507245849858,1.0,,1641.3
224,2023-03-01 01:59:59,1635.58,1643.82,1644.77,1635.26,1635.8180885903791,1632.852325289372,1630.5340128435914,10.114449366379779,True,Buy,1635.57,1605.0871635855422,1696.5356728289155,1.0,,1635.57
225,2023-03-01 02:59:59,1643.81,1642.07,1645.87,1638.53,1637.2074022369616,1633.8226068378592,1631.1256019285354,9.916274411638359,False,Buy,1643.82,1613.4766519008606,1704.5066961982786,1.0,,1643.82
226,2023-03-01 05:59:59,1627.57,1605.19,1627.58,1596.66,1627.1902866492153,1629.729938386704,1629.4787756787216,12.219236473166694,False,Stop,,,,-4.0,1613.4766519008606,-6453.9066
227,2023-03-01 14:59:59,1650.58,1654.59,1659.47,1648.78,1638.9512140041197,1632.4910449188146,1630.138920858417,13.64272936087046,False,Buy,1650.58,1608.9704128341107,1733.7991743317782,1.0,,1650.58
228,2023-03-01 19:59:59,1656.66,1656.33,1656.79,1653.22,1650.8009086312595,1642.2230539914974,1635.9405475800613,12.166153876706256,False,Buy,1656.67,1618.1878105521798,1733.6343788956406,1.0,,1656.67
229,2023-03-01 21:59:59,1652.72,1651.4,1653.3,1646.06,1651.2640064559469,1644.1767385139688,1637.5492108067742,11.510102067159982,False,Buy,1652.71,1617.1942856291755,1723.741428741649,1.0,,1652.71
230,2023-03-01 23:59:59,1654.14,1657.47,1661.1,1648.27,1653.1384730412517,1646.513455486252,1639.3774816531716,12.306771680357333,False,Buy,1654.13,1617.3304299557688,1727.7291400884628,1.0,,1654.13
231,2023-03-02 01:59:59,1655.25,1656.56,1660.34,1654.24,1654.262039247177,1648.3928771067226,1641.030382894932,12.237063336634636,False,Buy,1655.24,1617.112564604719,1731.4948707905623,1.0,,1655.24
232,2023-03-02 09:59:59,1658.86,1650.0,1660.99,1644.43,1654.3708549465164,1651.3916054747442,1645.1385338181722,13.711500599842921,False,Buy,1658.85,1618.372844215892,1739.8043115682158,1.0,,1658.85
233,2023-03-03 09:59:59,1643.07,1552.79,1643.63,1544.39,1622.5736113352484,1632.0855955898617,1637.1770126669435,16.797169064579982,False,Stop,,,,-6.0,1618.372844215892,-9710.2371
234,2023-03-07 10:59:59,1574.11,1577.27,1577.94,1571.62,1570.7648883455895,1569.3154500627868,1568.7217574631738,7.219600554598477,False,Buy,1574.11,1552.2435982082202,1617.8428035835593,1.0,,1574.11
235,2023-03-07 12:59:59,1575.1,1575.7,1576.66,1574.19,1572.6108583818998,1570.532313208159,1569.3899316022907,7.061441294526243,False,Buy,1575.1,1552.8561127407613,1619.587774518477,1.0,,1575.1
236,2023-03-08 03:59:59,1555.18,1551.26,1558.27,1549.25,1558.592143253597,1562.8616631003713,1565.654762401468,9.358079793554607,False,Stop,,,,-2.0,1552.8561127407613,-3105.7122
237,2023-03-12 07:59:59,1459.68,1471.97,1478.07,1458.38,1456.9008035390234,1447.7696642332273,1445.9867413688644,16.50690316585204,True,Buy,1459.69,1410.9038513103242,1557.2622973793518,1.0,,1459.69
238,2023-03-12 08:59:59,1471.93,1463.94,1472.9,1460.0,1458.4650694192403,1449.471804840256,1446.9074212986661,16.249267225434046,True,Buy,1471.97,1422.449290502444,1571.0114189951123,1.0,,1471.97
239,2023-03-12 09:59:59,1463.94,1463.72,1468.54,1460.73,1459.6328317705204,1450.9716148570712,1447.7696048218113,15.646462423617324,False,Buy,1463.94,1415.192198323698,1561.4356033526044,1.0,,1463.94
240,2023-03-12 11:59:59,1465.64,1467.0,1475.05,1462.9,1462.3065278611791,1454.039381422974,1449.6247264964231,15.4387354570986,False,Buy,1465.63,1418.554854677066,1559.780290645868,1.0,,1465.63
241,2023-03-12 13:59:59,1465.42,1462.98,1471.44,1462.74,1462.9943193234294,1456.0523579812727,1451.078087162132,14.43283822576359,False,Buy,1465.42,1420.7985226552255,1554.6629546895495,1.0,,1465.42
242,2023-03-12 17:59:59,1463.21,1460.39,1466.23,1459.08,1461.5156775942014,1457.6588760902223,1452.859795047234,12.613270839390719,True,Buy,1463.22,1424.1194326727377,1541.4211346545246,1.0,,1463.22
243,2023-03-12 19:59:59,1463.74,1465.17,1467.53,1463.0,1462.7122000261218,1459.02225814425,1454.0204335434998,11.530932509474649,False,Buy,1463.74,1427.5316026616972,1536.1567946766054,1.0,,1463.74
244,2023-03-13 01:59:59,1462.43,1514.98,1521.98,1461.62,1471.854222953956,1464.534452496971,1458.0102361524205,14.860132777786701,False,Buy,1462.43,1428.3495710256122,1530.5908579487757,1.0,,1462.43
245,2023-03-13 02:59:59,1514.98,1532.1,1548.8,1512.0,1485.2421734086324,1471.6466153920267,1461.8097112215269,16.427266150801934,False,Sell,,,,-8.0,1530.5908579487757,-12244.7269
246,2023-03-13 04:59:59,1512.58,1541.09,1546.99,1510.72,1502.3761295928764,1482.8107253415394,1468.3449669048457,18.70106111982411,True,Buy,1512.57,1460.5211871513375,1616.6676256973249,1.0,,1512.57
247,2023-03-13 05:59:59,1541.1,1541.12,1542.35,1532.19,1510.9858785722372,1488.9485437266405,1472.0770198840842,18.09098532555095,False,Buy,1541.09,1484.9868166405276,1653.2963667189447,1.0,,1541.09
248,2023-03-13 07:59:59,1564.31,1580.33,1583.16,1561.01,1535.6121981486372,1505.6653992714657,1482.1157923874496,21.615594489888338,True,Buy,1564.31,1499.5865408788222,1693.7569182423554,1.0,,1564.31
249,2023-03-13 08:59:59,1580.33,1611.88,1622.6,1573.07,1552.5605985600512,1516.84588355868,1488.770367136811,23.609480597753453,False,Buy,1580.33,1515.4832165303349,1710.02356693933,1.0,,1580.33
250,2023-03-13 10:59:59,1599.22,1589.3,1601.89,1583.64,1568.7912262894135,1532.2318015192757,1499.2998373506207,22.768378678675173,False,Buy,1599.23,1529.8821611919725,1737.925677616055,1.0,,1599.23
251,2023-03-13 13:59:59,1594.94,1599.48,1600.63,1593.3,1582.768821148517,1549.9514099525006,1513.2038999531512,20.395881179682714,False,Buy,1594.93,1530.7271531117945,1723.3356937764115,1.0,,1594.93
252,2023-03-13 16:59:59,1606.84,1586.85,1608.33,1586.11,1590.4093630369566,1563.5718905229094,1525.630652309158,19.77020078417016,False,Buy,1606.84,1548.0947359280656,1724.3305281438686,1.0,,1606.84
253,2023-03-13 22:59:59,1598.38,1643.34,1649.0,1593.23,1599.6816836336207,1579.9259233690866,1544.4347807631057,22.169977424484014,False,Buy,1598.37,1539.6139190901285,1715.8821618197428,1.0,,1598.37
254,2023-03-14 01:59:59,1663.49,1669.36,1673.33,1651.12,1634.9321227521698,1604.3524655944484,1562.1836856655298,24.722146647810284,True,Buy,1663.49,1588.7438339070745,1812.982332185851,1.0,,1663.49
255,2023-03-14 02:59:59,1669.36,1676.84,1677.36,1660.74,1644.2449843627987,1611.98273237398,1568.063496657041,24.143421887252398,False,Buy,1669.36,1595.1935600565691,1817.6928798868616,1.0,,1669.36
256,2023-03-14 05:59:59,1665.42,1667.28,1673.33,1661.94,1657.5184494327025,1628.3726030257128,1582.9477235990003,22.324204769057395,False,Buy,1665.42,1595.9241076691992,1804.4117846616018,1.0,,1665.42
257,2023-03-14 07:59:59,1680.3,1673.45,1680.5,1661.42,1664.9963459531161,1638.0082611480084,1592.3252686436758,21.570207173319893,True,Buy,1680.3,1615.0147152861973,1810.8705694276055,1.0,,1680.3
258,2023-03-14 08:59:59,1673.44,1667.48,1679.0,1666.06,1665.548269074646,1641.110549448218,1596.1793574311796,20.95376380379705,False,Buy,1673.45,1608.7393784800404,1802.8712430399194,1.0,,1673.45
259,2023-03-14 10:59:59,1675.34,1669.78,1684.0,1669.47,1668.1793232673785,1647.3512708879086,1603.8046024479188,20.203500422661733,True,Buy,1675.33,1613.4102294037082,1799.1695411925834,1.0,,1675.33
260,2023-03-14 11:59:59,1669.78,1677.57,1678.16,1668.0,1670.2661403190723,1650.532189741813,1607.5874433480253,19.486107535328756,True,Buy,1669.78,1609.1694987320147,1791.0010025359704,1.0,,1669.78
261,2023-03-14 12:59:59,1677.57,1675.26,1677.83,1670.78,1671.375886914834,1653.1351171374115,1611.0578308686395,18.597814139948127,True,Buy,1677.57,1619.1116773940137,1794.4866452119725,1.0,,1677.57
262,2023-03-14 13:59:59,1675.26,1672.26,1695.0,1666.0,1671.572356489315,1655.1482627018945,1614.1964036446068,19.34082741566612,False,Buy,1675.26,1619.4665575801555,1786.8468848396888,1.0,,1675.26
263,2023-03-14 22:59:59,1732.45,1758.9,1780.02,1721.03,1711.418592591353,1686.6322357842737,1646.6313335725363,25.28403822514005,True,Buy,1732.45,1664.3761841957014,1868.5976316085973,1.0,,1732.45
264,2023-03-14 23:59:59,1758.9,1770.03,1777.07,1754.91,1724.4433497932746,1695.4109478069818,1652.9594703124062,25.06089263763004,False,Buy,1758.9,1683.04788532458,1910.6042293508403,1.0,,1758.9
265,2023-03-15 01:59:59,1763.91,1755.72,1767.12,1748.17,1738.2168412329684,1708.211645197279,1663.627715225302,24.634290080405485,False,Buy,1763.92,1688.7053705094593,1914.3492589810817,1.0,,1763.92
266,2023-03-15 10:59:59,1709.42,1707.97,1714.95,1704.3,1708.7046262364215,1706.6645327904637,1679.7041969251397,24.83313435157075,False,Buy,1709.42,1631.6475659410792,1864.964868117842,1.0,,1709.42
267,2023-03-16 00:59:59,1634.03,1616.01,1644.09,1612.25,1656.013915094721,1675.6794802738364,1676.4110349321961,25.249408670759756,False,Stop,,,,-21.0,1631.6475659410792,-34264.5989
268,2023-03-17 10:59:59,1695.78,1703.71,1725.0,1691.55,1680.1547685368107,1670.5020130538794,1666.055551310473,18.98225235000363,False,Buy,1695.77,1642.1619539461421,1802.9860921077156,1.0,,1695.77
269,2023-03-17 12:59:59,1708.62,1703.54,1710.79,1702.96,1690.271403188935,1677.56975560269,1670.0486849073222,17.752401260972515,False,Buy,1708.62,1653.073011310704,1819.7139773785916,1.0,,1708.62
270,2023-03-17 15:59:59,1724.84,1715.59,1725.95,1709.01,1703.6199880573452,1688.1896616527213,1676.5832585952323,17.906120834678074,True,Buy,1724.84,1670.898686534117,1832.722626931766,1.0,,1724.84
271,2023-03-17 16:59:59,1715.59,1711.98,1722.47,1710.44,1705.4777684890464,1690.69390779454,1678.398476103169,17.48639791791535,False,Buy,1715.59,1661.8716374959656,1823.0267250080683,1.0,,1715.59
272,2023-03-17 18:59:59,1720.02,1745.07,1748.66,1719.62,1716.7912426662133,1699.180663026654,1683.8429939416426,18.15337371493724,False,Buy,1720.03,1668.0821772286642,1823.9256455426712,1.0,,1720.03
273,2023-03-17 21:59:59,1737.13,1736.0,1744.01,1730.31,1730.5326148621552,1711.8491729771033,1692.6766474843812,19.52939214712722,False,Buy,1737.12,1677.1865792169735,1856.9868415660526,1.0,,1737.12
274,2023-03-18 02:59:59,1725.56,1733.26,1733.46,1713.76,1724.8638797945475,1715.7938499130084,1699.1081134368517,20.1783663028859,False,Buy,1725.57,1664.9245088675993,1846.8609822648011,1.0,,1725.57
275,2023-03-18 10:59:59,1814.54,1806.11,1824.79,1800.0,1785.2891295604952,1757.934226974506,1728.225033160033,24.180583786389864,False,Buy,1814.54,1742.1388831516635,1959.342233696673,1.0,,1814.54
276,2023-03-18 12:59:59,1810.58,1805.56,1814.28,1803.49,1794.1633005983242,1767.9048520654633,1736.1971928968344,22.41621765255044,True,Buy,1810.57,1740.638373737914,1950.433252524172,1.0,,1810.57
277,2023-03-18 13:59:59,1805.57,1813.17,1815.43,1801.53,1798.3870115764744,1772.669604479625,1740.1445163380222,21.807916391653986,True,Buy,1805.56,1738.3113470423486,1940.0573059153025,1.0,,1805.56
278,2023-03-18 14:59:59,1813.18,1812.36,1813.56,1807.79,1801.4921201150357,1776.8475408501909,1743.8478744745337,20.66235093510727,False,Buy,1813.17,1747.746250825038,1944.017498349924,1.0,,1813.17
279,2023-03-18 17:59:59,1809.26,1812.24,1813.85,1801.56,1806.9224378593378,1786.767608718033,1753.781659261932,19.85106960802867,False,Buy,1809.27,1747.9719289586765,1931.8661420826468,1.0,,1809.27
280,2023-03-18 19:59:59,1815.38,1813.15,1816.11,1809.49,1809.7698698161428,1792.2404402202537,1759.823571025368,18.026432468147156,True,Buy,1815.39,1758.678448949063,1928.8131021018742,1.0,,1815.39
281,2023-03-18 20:59:59,1813.16,1827.3,1841.0,1803.31,1813.6654543014442,1795.930920197069,1763.2839007163745,19.430973006136647,True,Buy,1813.15,1759.0707025955587,1921.308594808883,1.0,,1813.15
282,2023-03-18 21:59:59,1827.3,1815.14,1829.19,1811.8,1813.9931311233456,1797.9529285973776,1765.9431878591245,19.285189219984034,True,Buy,1827.3,1769.00708098159,1943.88583803682,1.0,,1827.3
283,2023-03-18 22:59:59,1815.15,1814.22,1824.17,1812.0,1814.0435464292686,1799.6652519029167,1768.4189218150668,18.776961418556606,False,Buy,1815.14,1757.284432340048,1930.8511353199042,1.0,,1815.14
284,2023-03-20 02:59:59,1808.66,1822.31,1822.52,1804.9,1800.6434699664915,1791.4757777237999,1782.6530112713476,18.206982444486766,True,Buy,1808.65,1753.8935951793505,1918.1628096412992,1.0,,1808.65
285,2023-03-20 03:59:59,1822.32,1821.22,1841.36,1816.84,1805.21603219616,1794.6067484897158,1784.6308055651245,18.65791226988057,True,Buy,1822.31,1767.6890526665397,1931.5518946669206,1.0,,1822.31
286,2023-03-20 04:59:59,1821.23,1793.82,1827.89,1788.0,1802.6835805970134,1794.5239328592193,1785.1020463053746,20.17448996488911,False,Buy,1821.22,1765.2462631903584,1933.1674736192836,1.0,,1821.22
287,2023-03-20 07:59:59,1804.99,1780.68,1810.16,1773.98,1796.9750729009268,1793.9769707154603,1786.2364691162384,21.563427278739557,True,Buy,1804.98,1743.6627734071492,1927.6144531857017,1.0,,1804.98
288,2023-03-21 07:59:59,1747.5,1732.78,1750.9,1722.0,1750.9004308683639,1760.1357559514292,1768.2169403085113,19.50320656174216,True,Stop,,,,-20.0,1743.6627734071492,-34873.2555
289,2023-03-21 23:59:59,1805.49,1812.55,1819.14,1802.96,1788.4824342142026,1772.3948909302178,1768.25210506709,20.939714653407922,False,Buy,1805.48,1741.5624603505282,1933.3150792989436,1.0,,1805.48
290,2023-03-22 01:59:59,1811.8,1790.17,1815.47,1787.32,1792.8876453888388,1777.9772395535538,1771.494800681687,21.358580491969086,True,Buy,1811.8,1749.2915091797922,1936.8169816404156,1.0,,1811.8
291,2023-03-22 06:59:59,1793.62,1793.76,1796.21,1785.22,1793.1974532346053,1784.3971450175416,1776.4446159677673,19.5117457134763,False,Buy,1793.63,1733.1282061564614,1914.6335876870778,1.0,,1793.63
292,2023-03-22 08:59:59,1801.23,1788.29,1802.09,1778.02,1793.4952494876006,1786.3922850694446,1778.2579350820993,19.5646174774362,True,Buy,1801.23,1743.5758512267446,1916.5382975465109,1.0,,1801.23
293,2023-03-22 12:59:59,1799.58,1801.18,1801.27,1795.41,1796.4122655113138,1790.4294735406042,1781.8999699803894,17.10484927564179,False,Buy,1799.59,1745.6804869556188,1907.4090260887624,1.0,,1799.59
294,2023-03-22 21:59:59,1795.69,1797.49,1805.61,1792.34,1792.9927974080979,1791.7414124258396,1785.9510888779619,14.290440728289704,False,Buy,1795.69,1752.583191493218,1881.9036170135644,1.0,,1795.69
295,2023-03-22 23:59:59,1801.98,1806.26,1819.98,1798.63,1797.4926799135408,1794.23304208052,1787.7719268073174,15.307369811637543,True,Buy,1801.97,1757.4423436854788,1891.0253126290427,1.0,,1801.97
296,2023-03-23 00:59:59,1806.26,1803.17,1809.78,1796.0,1798.7543065994205,1795.1737744930967,1788.5615715864292,15.198271967949145,True,Buy,1806.26,1760.3378905650873,1898.1042188698252,1.0,,1806.26
297,2023-03-23 01:59:59,1803.18,1787.2,1803.38,1776.08,1796.1866829106605,1794.3344298096129,1788.4917474025096,16.062681113095646,False,Buy,1803.17,1757.5751840961527,1894.359631807695,1.0,,1803.17
298,2023-03-23 03:59:59,1772.27,1716.84,1772.28,1710.12,1774.4203390447205,1784.0990310664215,1784.0280750782613,22.271546469965127,False,Stop,,,,-9.0,1757.5751840961527,-15818.1767
299,2023-03-24 01:59:59,1828.53,1826.4,1832.4,1815.44,1797.731551771326,1777.7147460524604,1771.8383026824185,19.790751549027487,False,Buy,1828.54,1768.5144949954497,1948.5910100091007,1.0,,1828.54
300,2023-03-24 04:59:59,1820.85,1815.8,1820.98,1805.92,1806.3119372531755,1787.8301833147307,1777.8680460859514,21.230153481491765,False,Buy,1820.84,1755.7256579828727,1951.0686840342544,1.0,,1820.84
301,2023-03-24 06:59:59,1814.0,1808.5,1814.85,1802.55,1808.125245992662,1792.4697589417096,1781.1963281339035,20.00992825700055,False,Buy,1813.99,1752.1810010158445,1937.6079979683113,1.0,,1813.99
302,2023-03-24 08:59:59,1813.78,1810.38,1818.99,1809.39,1809.605395723956,1796.3630480170473,1784.2786806149334,18.868407527719853,True,Buy,1813.79,1755.0459141412127,1931.2781717175744,1.0,,1813.79
303,2023-03-24 09:59:59,1810.38,1815.22,1818.33,1806.51,1810.853085563077,1798.3479903310422,1785.8654149423726,18.36494984716843,True,Buy,1810.38,1753.7747774168406,1923.5904451663191,1.0,,1810.38
304,2023-03-24 10:59:59,1815.23,1809.38,1818.45,1808.82,1810.5257332157266,1799.5092545067218,1787.071291099174,17.741024858084977,True,Buy,1815.22,1760.1251504584948,1925.4096990830105,1.0,,1815.22
305,2023-03-24 14:59:59,1811.87,1813.26,1814.82,1810.51,1810.7470698751654,1803.5097957018127,1791.5322821881853,15.134338061530729,False,Buy,1811.88,1763.9790616473624,1907.6818767052755,1.0,,1811.88
306,2023-03-24 22:59:59,1789.51,1763.12,1789.51,1756.87,1788.4757147341334,1794.5358085037778,1790.527002829357,15.206924536800427,True,Stop,,,,-7.0,1763.9790616473624,-12347.8534
307,2023-03-26 20:59:59,1777.77,1775.57,1782.64,1770.87,1767.9568476378608,1759.5653579305654,1757.5526205229735,12.126310139130824,True,Buy,1777.76,1741.2988441658852,1850.6823116682299,1.0,,1777.76
308,2023-03-26 21:59:59,1775.56,1796.47,1801.0,1773.16,1774.2931037183362,1763.4500570957691,1759.5483835730774,13.24871655776433,True,Buy,1775.57,1739.1910695826075,1848.3278608347848,1.0,,1775.57
309,2023-03-26 22:59:59,1796.48,1763.63,1796.99,1753.02,1771.9235251142613,1763.4689984541092,1759.7576972359966,15.443093946495452,True,Buy,1796.47,1756.723850326707,1875.962299346586,1.0,,1796.47
310,2023-03-27 13:59:59,1764.63,1750.3,1765.62,1747.23,1763.3174721180235,1764.5510720535249,1762.735985345352,12.263307593402397,True,Stop,,,,-3.0,1756.723850326707,-5270.1716
